-11,-174,1AERGD3nM91veb8Sza1gShiOiLk=,MxJbnEJGvdnmlL8B2CEALUCks08=
-1,-161,1AERGD3nM91veb8Sza1gShiOiLk=,MxJbnEJGvdnmlL8B2CEALUCks08=
-4,-173,1AERGD3nM91veb8Sza1gShiOiLk=,MxJbnEJGvdnmlL8B2CEALUCks08=
-7,-174,trQQlRlWmr/slSCmds0nDSLUulg=,MxJbnEJGvdnmlL8B2CEALUCks08=
-9,-174,1AERGD3nM91veb8Sza1gShiOiLk=,MxJbnEJGvdnmlL8B2CEALUCks08=
-4,-174,1AERGD3nM91veb8Sza1gShiOiLk=,MxJbnEJGvdnmlL8B2CEALUCks08=
-1,-175,1AERGD3nM91veb8Sza1gShiOiLk=,MxJbnEJGvdnmlL8B2CEALUCks08=
-8,-174,1AERGD3nM91veb8Sza1gShiOiLk=,MxJbnEJGvdnmlL8B2CEALUCks08=
-14,-174,1AERGD3nM91veb8Sza1gShiOiLk=,MxJbnEJGvdnmlL8B2CEALUCks08=
-5,-174,1AERGD3nM91veb8Sza1gShiOiLk=,MxJbnEJGvdnmlL8B2CEALUCks08=
-10,-174,1AERGD3nM91veb8Sza1gShiOiLk=,MxJbnEJGvdnmlL8B2CEALUCks08=
-13,-174,1AERGD3nM91veb8Sza1gShiOiLk=,MxJbnEJGvdnmlL8B2CEALUCks08=
-6,-174,1AERGD3nM91veb8Sza1gShiOiLk=,MxJbnEJGvdnmlL8B2CEALUCks08=
-5,-173,1AERGD3nM91veb8Sza1gShiOiLk=,MxJbnEJGvdnmlL8B2CEALUCks08=
-13,-176,1AERGD3nM91veb8Sza1gShiOiLk=,MxJbnEJGvdnmlL8B2CEALUCks08=
-2,-174,1AERGD3nM91veb8Sza1gShiOiLk=,MxJbnEJGvdnmlL8B2CEALUCks08=
-3,-174,1AERGD3nM91veb8Sza1gShiOiLk=,MxJbnEJGvdnmlL8B2CEALUCks08=
-12,-174,1AERGD3nM91veb8Sza1gShiOiLk=,MxJbnEJGvdnmlL8B2CEALUCks08=
-16,-174,1AERGD3nM91veb8Sza1gShiOiLk=,MxJbnEJGvdnmlL8B2CEALUCks08=
-3,-161,1AERGD3nM91veb8Sza1gShiOiLk=,MxJbnEJGvdnmlL8B2CEALUCks08=
-7,-161,1AERGD3nM91veb8Sza1gShiOiLk=,MxJbnEJGvdnmlL8B2CEALUCks08=
-5,-161,1AERGD3nM91veb8Sza1gShiOiLk=,MxJbnEJGvdnmlL8B2CEALUCks08=
-8,-161,1AERGD3nM91veb8Sza1gShiOiLk=,MxJbnEJGvdnmlL8B2CEALUCks08=
-2,-161,1AERGD3nM91veb8Sza1gShiOiLk=,MxJbnEJGvdnmlL8B2CEALUCks08=
-15,-174,1AERGD3nM91veb8Sza1gShiOiLk=,MxJbnEJGvdnmlL8B2CEALUCks08=
-9,-161,1AERGD3nM91veb8Sza1gShiOiLk=,MxJbnEJGvdnmlL8B2CEALUCks08=
-4,-161,1AERGD3nM91veb8Sza1gShiOiLk=,MxJbnEJGvdnmlL8B2CEALUCks08=
-6,-161,1AERGD3nM91veb8Sza1gShiOiLk=,MxJbnEJGvdnmlL8B2CEALUCks08=
-14,-161,1AERGD3nM91veb8Sza1gShiOiLk=,MxJbnEJGvdnmlL8B2CEALUCks08=
-12,-176,1AERGD3nM91veb8Sza1gShiOiLk=,MxJbnEJGvdnmlL8B2CEALUCks08=
-10,-161,1AERGD3nM91veb8Sza1gShiOiLk=,MxJbnEJGvdnmlL8B2CEALUCks08=
-13,-161,1AERGD3nM91veb8Sza1gShiOiLk=,MxJbnEJGvdnmlL8B2CEALUCks08=
-2,-175,1AERGD3nM91veb8Sza1gShiOiLk=,MxJbnEJGvdnmlL8B2CEALUCks08=
-14,-176,1AERGD3nM91veb8Sza1gShiOiLk=,MxJbnEJGvdnmlL8B2CEALUCks08=
-15,-161,1AERGD3nM91veb8Sza1gShiOiLk=,MxJbnEJGvdnmlL8B2CEALUCks08=
-12,-161,1AERGD3nM91veb8Sza1gShiOiLk=,MxJbnEJGvdnmlL8B2CEALUCks08=
-6,-173,1AERGD3nM91veb8Sza1gShiOiLk=,MxJbnEJGvdnmlL8B2CEALUCks08=
-3,-162,1AERGD3nM91veb8Sza1gShiOiLk=,MxJbnEJGvdnmlL8B2CEALUCks08=
-1,-162,1AERGD3nM91veb8Sza1gShiOiLk=,MxJbnEJGvdnmlL8B2CEALUCks08=
-2,-162,1AERGD3nM91veb8Sza1gShiOiLk=,MxJbnEJGvdnmlL8B2CEALUCks08=
-6,-162,1AERGD3nM91veb8Sza1gShiOiLk=,MxJbnEJGvdnmlL8B2CEALUCks08=
-4,-162,1AERGD3nM91veb8Sza1gShiOiLk=,MxJbnEJGvdnmlL8B2CEALUCks08=
-3,-173,1AERGD3nM91veb8Sza1gShiOiLk=,MxJbnEJGvdnmlL8B2CEALUCks08=
-7,-162,1AERGD3nM91veb8Sza1gShiOiLk=,MxJbnEJGvdnmlL8B2CEALUCks08=
-16,-161,1AERGD3nM91veb8Sza1gShiOiLk=,MxJbnEJGvdnmlL8B2CEALUCks08=
-11,-161,1AERGD3nM91veb8Sza1gShiOiLk=,MxJbnEJGvdnmlL8B2CEALUCks08=
-5,-162,1AERGD3nM91veb8Sza1gShiOiLk=,MxJbnEJGvdnmlL8B2CEALUCks08=
-9,-162,1AERGD3nM91veb8Sza1gShiOiLk=,MxJbnEJGvdnmlL8B2CEALUCks08=
-8,-162,1AERGD3nM91veb8Sza1gShiOiLk=,MxJbnEJGvdnmlL8B2CEALUCks08=
-14,-162,1AERGD3nM91veb8Sza1gShiOiLk=,MxJbnEJGvdnmlL8B2CEALUCks08=
-11,-162,1AERGD3nM91veb8Sza1gShiOiLk=,MxJbnEJGvdnmlL8B2CEALUCks08=
-7,-173,1AERGD3nM91veb8Sza1gShiOiLk=,MxJbnEJGvdnmlL8B2CEALUCks08=
-12,-162,1AERGD3nM91veb8Sza1gShiOiLk=,MxJbnEJGvdnmlL8B2CEALUCks08=
-2,-163,1AERGD3nM91veb8Sza1gShiOiLk=,MxJbnEJGvdnmlL8B2CEALUCks08=
-16,-162,1AERGD3nM91veb8Sza1gShiOiLk=,MxJbnEJGvdnmlL8B2CEALUCks08=
-2,-173,1AERGD3nM91veb8Sza1gShiOiLk=,MxJbnEJGvdnmlL8B2CEALUCks08=
-15,-162,1AERGD3nM91veb8Sza1gShiOiLk=,MxJbnEJGvdnmlL8B2CEALUCks08=
-15,-176,1AERGD3nM91veb8Sza1gShiOiLk=,MxJbnEJGvdnmlL8B2CEALUCks08=
-10,-162,1AERGD3nM91veb8Sza1gShiOiLk=,MxJbnEJGvdnmlL8B2CEALUCks08=
-15,-175,1AERGD3nM91veb8Sza1gShiOiLk=,MxJbnEJGvdnmlL8B2CEALUCks08=
-1,-163,1AERGD3nM91veb8Sza1gShiOiLk=,MxJbnEJGvdnmlL8B2CEALUCks08=
-6,-163,1AERGD3nM91veb8Sza1gShiOiLk=,MxJbnEJGvdnmlL8B2CEALUCks08=
-13,-162,1AERGD3nM91veb8Sza1gShiOiLk=,MxJbnEJGvdnmlL8B2CEALUCks08=
-4,-163,1AERGD3nM91veb8Sza1gShiOiLk=,MxJbnEJGvdnmlL8B2CEALUCks08=
-7,-163,1AERGD3nM91veb8Sza1gShiOiLk=,MxJbnEJGvdnmlL8B2CEALUCks08=
-5,-163,1AERGD3nM91veb8Sza1gShiOiLk=,MxJbnEJGvdnmlL8B2CEALUCks08=
-16,-175,1AERGD3nM91veb8Sza1gShiOiLk=,MxJbnEJGvdnmlL8B2CEALUCks08=
-3,-163,1AERGD3nM91veb8Sza1gShiOiLk=,MxJbnEJGvdnmlL8B2CEALUCks08=
-10,-163,1AERGD3nM91veb8Sza1gShiOiLk=,MxJbnEJGvdnmlL8B2CEALUCks08=
-13,-163,1AERGD3nM91veb8Sza1gShiOiLk=,MxJbnEJGvdnmlL8B2CEALUCks08=
-11,-176,1AERGD3nM91veb8Sza1gShiOiLk=,MxJbnEJGvdnmlL8B2CEALUCks08=
-9,-163,1AERGD3nM91veb8Sza1gShiOiLk=,MxJbnEJGvdnmlL8B2CEALUCks08=
-8,-163,1AERGD3nM91veb8Sza1gShiOiLk=,MxJbnEJGvdnmlL8B2CEALUCks08=
-11,-163,1AERGD3nM91veb8Sza1gShiOiLk=,MxJbnEJGvdnmlL8B2CEALUCks08=
-1,-176,1AERGD3nM91veb8Sza1gShiOiLk=,MxJbnEJGvdnmlL8B2CEALUCks08=
-15,-163,1AERGD3nM91veb8Sza1gShiOiLk=,MxJbnEJGvdnmlL8B2CEALUCks08=
-14,-163,1AERGD3nM91veb8Sza1gShiOiLk=,MxJbnEJGvdnmlL8B2CEALUCks08=
-3,-175,1AERGD3nM91veb8Sza1gShiOiLk=,MxJbnEJGvdnmlL8B2CEALUCks08=
-14,-175,1AERGD3nM91veb8Sza1gShiOiLk=,MxJbnEJGvdnmlL8B2CEALUCks08=
-8,-173,1AERGD3nM91veb8Sza1gShiOiLk=,MxJbnEJGvdnmlL8B2CEALUCks08=
-12,-163,1AERGD3nM91veb8Sza1gShiOiLk=,MxJbnEJGvdnmlL8B2CEALUCks08=
-4,-175,1AERGD3nM91veb8Sza1gShiOiLk=,MxJbnEJGvdnmlL8B2CEALUCks08=
-1,-164,1AERGD3nM91veb8Sza1gShiOiLk=,MxJbnEJGvdnmlL8B2CEALUCks08=
-2,-164,1AERGD3nM91veb8Sza1gShiOiLk=,MxJbnEJGvdnmlL8B2CEALUCks08=
-16,-163,1AERGD3nM91veb8Sza1gShiOiLk=,MxJbnEJGvdnmlL8B2CEALUCks08=
-6,-164,1AERGD3nM91veb8Sza1gShiOiLk=,MxJbnEJGvdnmlL8B2CEALUCks08=
-8,-164,1AERGD3nM91veb8Sza1gShiOiLk=,MxJbnEJGvdnmlL8B2CEALUCks08=
-4,-164,1AERGD3nM91veb8Sza1gShiOiLk=,MxJbnEJGvdnmlL8B2CEALUCks08=
-3,-164,1AERGD3nM91veb8Sza1gShiOiLk=,MxJbnEJGvdnmlL8B2CEALUCks08=
-7,-164,1AERGD3nM91veb8Sza1gShiOiLk=,MxJbnEJGvdnmlL8B2CEALUCks08=
-9,-164,1AERGD3nM91veb8Sza1gShiOiLk=,MxJbnEJGvdnmlL8B2CEALUCks08=
-1,-173,1AERGD3nM91veb8Sza1gShiOiLk=,MxJbnEJGvdnmlL8B2CEALUCks08=
-5,-164,1AERGD3nM91veb8Sza1gShiOiLk=,MxJbnEJGvdnmlL8B2CEALUCks08=
-2,-176,1AERGD3nM91veb8Sza1gShiOiLk=,MxJbnEJGvdnmlL8B2CEALUCks08=
-14,-164,1AERGD3nM91veb8Sza1gShiOiLk=,MxJbnEJGvdnmlL8B2CEALUCks08=
-16,-164,1AERGD3nM91veb8Sza1gShiOiLk=,MxJbnEJGvdnmlL8B2CEALUCks08=
-10,-164,1AERGD3nM91veb8Sza1gShiOiLk=,MxJbnEJGvdnmlL8B2CEALUCks08=
-15,-164,1AERGD3nM91veb8Sza1gShiOiLk=,MxJbnEJGvdnmlL8B2CEALUCks08=
-5,-175,1AERGD3nM91veb8Sza1gShiOiLk=,MxJbnEJGvdnmlL8B2CEALUCks08=
-11,-164,1AERGD3nM91veb8Sza1gShiOiLk=,MxJbnEJGvdnmlL8B2CEALUCks08=
-9,-173,1AERGD3nM91veb8Sza1gShiOiLk=,MxJbnEJGvdnmlL8B2CEALUCks08=
-6,-165,1AERGD3nM91veb8Sza1gShiOiLk=,MxJbnEJGvdnmlL8B2CEALUCks08=
-3,-165,1AERGD3nM91veb8Sza1gShiOiLk=,MxJbnEJGvdnmlL8B2CEALUCks08=
-13,-164,1AERGD3nM91veb8Sza1gShiOiLk=,MxJbnEJGvdnmlL8B2CEALUCks08=
-16,-172,1AERGD3nM91veb8Sza1gShiOiLk=,MxJbnEJGvdnmlL8B2CEALUCks08=
-2,-165,1AERGD3nM91veb8Sza1gShiOiLk=,MxJbnEJGvdnmlL8B2CEALUCks08=
-7,-165,1AERGD3nM91veb8Sza1gShiOiLk=,MxJbnEJGvdnmlL8B2CEALUCks08=
-5,-165,1AERGD3nM91veb8Sza1gShiOiLk=,MxJbnEJGvdnmlL8B2CEALUCks08=
-4,-165,1AERGD3nM91veb8Sza1gShiOiLk=,MxJbnEJGvdnmlL8B2CEALUCks08=
-9,-165,1AERGD3nM91veb8Sza1gShiOiLk=,MxJbnEJGvdnmlL8B2CEALUCks08=
-12,-164,1AERGD3nM91veb8Sza1gShiOiLk=,MxJbnEJGvdnmlL8B2CEALUCks08=
-3,-176,1AERGD3nM91veb8Sza1gShiOiLk=,MxJbnEJGvdnmlL8B2CEALUCks08=
-11,-165,1AERGD3nM91veb8Sza1gShiOiLk=,MxJbnEJGvdnmlL8B2CEALUCks08=
-1,-165,1AERGD3nM91veb8Sza1gShiOiLk=,MxJbnEJGvdnmlL8B2CEALUCks08=
-10,-165,1AERGD3nM91veb8Sza1gShiOiLk=,MxJbnEJGvdnmlL8B2CEALUCks08=
-15,-165,1AERGD3nM91veb8Sza1gShiOiLk=,MxJbnEJGvdnmlL8B2CEALUCks08=
-15,-172,1AERGD3nM91veb8Sza1gShiOiLk=,MxJbnEJGvdnmlL8B2CEALUCks08=
-10,-173,1AERGD3nM91veb8Sza1gShiOiLk=,MxJbnEJGvdnmlL8B2CEALUCks08=
-16,-165,1AERGD3nM91veb8Sza1gShiOiLk=,MxJbnEJGvdnmlL8B2CEALUCks08=
-8,-165,1AERGD3nM91veb8Sza1gShiOiLk=,MxJbnEJGvdnmlL8B2CEALUCks08=
-12,-165,1AERGD3nM91veb8Sza1gShiOiLk=,MxJbnEJGvdnmlL8B2CEALUCks08=
-13,-165,1AERGD3nM91veb8Sza1gShiOiLk=,MxJbnEJGvdnmlL8B2CEALUCks08=
-11,-173,1AERGD3nM91veb8Sza1gShiOiLk=,MxJbnEJGvdnmlL8B2CEALUCks08=
-14,-172,1AERGD3nM91veb8Sza1gShiOiLk=,MxJbnEJGvdnmlL8B2CEALUCks08=
-3,-167,1AERGD3nM91veb8Sza1gShiOiLk=,MxJbnEJGvdnmlL8B2CEALUCks08=
-14,-165,1AERGD3nM91veb8Sza1gShiOiLk=,MxJbnEJGvdnmlL8B2CEALUCks08=
-3,-166,1AERGD3nM91veb8Sza1gShiOiLk=,MxJbnEJGvdnmlL8B2CEALUCks08=
-6,-166,1AERGD3nM91veb8Sza1gShiOiLk=,MxJbnEJGvdnmlL8B2CEALUCks08=
-13,-166,1AERGD3nM91veb8Sza1gShiOiLk=,MxJbnEJGvdnmlL8B2CEALUCks08=
-7,-166,1AERGD3nM91veb8Sza1gShiOiLk=,MxJbnEJGvdnmlL8B2CEALUCks08=
-1,-166,1AERGD3nM91veb8Sza1gShiOiLk=,MxJbnEJGvdnmlL8B2CEALUCks08=
-2,-167,1AERGD3nM91veb8Sza1gShiOiLk=,MxJbnEJGvdnmlL8B2CEALUCks08=
-4,-176,1AERGD3nM91veb8Sza1gShiOiLk=,MxJbnEJGvdnmlL8B2CEALUCks08=
-8,-167,1AERGD3nM91veb8Sza1gShiOiLk=,MxJbnEJGvdnmlL8B2CEALUCks08=
-6,-175,1AERGD3nM91veb8Sza1gShiOiLk=,MxJbnEJGvdnmlL8B2CEALUCks08=
-6,-167,1AERGD3nM91veb8Sza1gShiOiLk=,MxJbnEJGvdnmlL8B2CEALUCks08=
-12,-173,1AERGD3nM91veb8Sza1gShiOiLk=,MxJbnEJGvdnmlL8B2CEALUCks08=
-16,-166,1AERGD3nM91veb8Sza1gShiOiLk=,MxJbnEJGvdnmlL8B2CEALUCks08=
-2,-166,1AERGD3nM91veb8Sza1gShiOiLk=,MxJbnEJGvdnmlL8B2CEALUCks08=
-9,-166,1AERGD3nM91veb8Sza1gShiOiLk=,MxJbnEJGvdnmlL8B2CEALUCks08=
-5,-167,1AERGD3nM91veb8Sza1gShiOiLk=,MxJbnEJGvdnmlL8B2CEALUCks08=
-8,-166,1AERGD3nM91veb8Sza1gShiOiLk=,MxJbnEJGvdnmlL8B2CEALUCks08=
-14,-166,1AERGD3nM91veb8Sza1gShiOiLk=,MxJbnEJGvdnmlL8B2CEALUCks08=
-7,-175,1AERGD3nM91veb8Sza1gShiOiLk=,MxJbnEJGvdnmlL8B2CEALUCks08=
-4,-167,1AERGD3nM91veb8Sza1gShiOiLk=,MxJbnEJGvdnmlL8B2CEALUCks08=
-11,-166,1AERGD3nM91veb8Sza1gShiOiLk=,MxJbnEJGvdnmlL8B2CEALUCks08=
-5,-176,1AERGD3nM91veb8Sza1gShiOiLk=,MxJbnEJGvdnmlL8B2CEALUCks08=
-4,-166,1AERGD3nM91veb8Sza1gShiOiLk=,MxJbnEJGvdnmlL8B2CEALUCks08=
-10,-167,1AERGD3nM91veb8Sza1gShiOiLk=,MxJbnEJGvdnmlL8B2CEALUCks08=
-5,-166,1AERGD3nM91veb8Sza1gShiOiLk=,MxJbnEJGvdnmlL8B2CEALUCks08=
-10,-166,1AERGD3nM91veb8Sza1gShiOiLk=,MxJbnEJGvdnmlL8B2CEALUCks08=
-15,-166,1AERGD3nM91veb8Sza1gShiOiLk=,MxJbnEJGvdnmlL8B2CEALUCks08=
-1,-167,1AERGD3nM91veb8Sza1gShiOiLk=,MxJbnEJGvdnmlL8B2CEALUCks08=
-12,-167,1AERGD3nM91veb8Sza1gShiOiLk=,MxJbnEJGvdnmlL8B2CEALUCks08=
-7,-167,1AERGD3nM91veb8Sza1gShiOiLk=,MxJbnEJGvdnmlL8B2CEALUCks08=
-12,-166,1AERGD3nM91veb8Sza1gShiOiLk=,MxJbnEJGvdnmlL8B2CEALUCks08=
-8,-175,1AERGD3nM91veb8Sza1gShiOiLk=,MxJbnEJGvdnmlL8B2CEALUCks08=
-1,-168,1AERGD3nM91veb8Sza1gShiOiLk=,MxJbnEJGvdnmlL8B2CEALUCks08=
-9,-167,1AERGD3nM91veb8Sza1gShiOiLk=,MxJbnEJGvdnmlL8B2CEALUCks08=
-2,-168,1AERGD3nM91veb8Sza1gShiOiLk=,MxJbnEJGvdnmlL8B2CEALUCks08=
-11,-167,1AERGD3nM91veb8Sza1gShiOiLk=,MxJbnEJGvdnmlL8B2CEALUCks08=
-14,-167,1AERGD3nM91veb8Sza1gShiOiLk=,MxJbnEJGvdnmlL8B2CEALUCks08=
-15,-167,1AERGD3nM91veb8Sza1gShiOiLk=,MxJbnEJGvdnmlL8B2CEALUCks08=
-16,-167,1AERGD3nM91veb8Sza1gShiOiLk=,MxJbnEJGvdnmlL8B2CEALUCks08=
-7,-168,1AERGD3nM91veb8Sza1gShiOiLk=,MxJbnEJGvdnmlL8B2CEALUCks08=
-6,-168,1AERGD3nM91veb8Sza1gShiOiLk=,MxJbnEJGvdnmlL8B2CEALUCks08=
-3,-168,1AERGD3nM91veb8Sza1gShiOiLk=,MxJbnEJGvdnmlL8B2CEALUCks08=
-11,-168,1AERGD3nM91veb8Sza1gShiOiLk=,MxJbnEJGvdnmlL8B2CEALUCks08=
-1,-169,1AERGD3nM91veb8Sza1gShiOiLk=,MxJbnEJGvdnmlL8B2CEALUCks08=
-8,-168,1AERGD3nM91veb8Sza1gShiOiLk=,MxJbnEJGvdnmlL8B2CEALUCks08=
-13,-173,1AERGD3nM91veb8Sza1gShiOiLk=,MxJbnEJGvdnmlL8B2CEALUCks08=
-13,-167,1AERGD3nM91veb8Sza1gShiOiLk=,MxJbnEJGvdnmlL8B2CEALUCks08=
-9,-175,1AERGD3nM91veb8Sza1gShiOiLk=,MxJbnEJGvdnmlL8B2CEALUCks08=
-7,-169,1AERGD3nM91veb8Sza1gShiOiLk=,MxJbnEJGvdnmlL8B2CEALUCks08=
-12,-168,1AERGD3nM91veb8Sza1gShiOiLk=,MxJbnEJGvdnmlL8B2CEALUCks08=
-6,-176,1AERGD3nM91veb8Sza1gShiOiLk=,MxJbnEJGvdnmlL8B2CEALUCks08=
-4,-168,1AERGD3nM91veb8Sza1gShiOiLk=,MxJbnEJGvdnmlL8B2CEALUCks08=
-10,-168,1AERGD3nM91veb8Sza1gShiOiLk=,MxJbnEJGvdnmlL8B2CEALUCks08=
-4,-169,1AERGD3nM91veb8Sza1gShiOiLk=,MxJbnEJGvdnmlL8B2CEALUCks08=
-3,-169,1AERGD3nM91veb8Sza1gShiOiLk=,MxJbnEJGvdnmlL8B2CEALUCks08=
-9,-168,1AERGD3nM91veb8Sza1gShiOiLk=,MxJbnEJGvdnmlL8B2CEALUCks08=
-2,-169,1AERGD3nM91veb8Sza1gShiOiLk=,MxJbnEJGvdnmlL8B2CEALUCks08=
-13,-169,1AERGD3nM91veb8Sza1gShiOiLk=,MxJbnEJGvdnmlL8B2CEALUCks08=
-13,-172,1AERGD3nM91veb8Sza1gShiOiLk=,MxJbnEJGvdnmlL8B2CEALUCks08=
-1,-170,1AERGD3nM91veb8Sza1gShiOiLk=,MxJbnEJGvdnmlL8B2CEALUCks08=
-16,-168,1AERGD3nM91veb8Sza1gShiOiLk=,MxJbnEJGvdnmlL8B2CEALUCks08=
-5,-168,1AERGD3nM91veb8Sza1gShiOiLk=,MxJbnEJGvdnmlL8B2CEALUCks08=
-10,-175,1AERGD3nM91veb8Sza1gShiOiLk=,MxJbnEJGvdnmlL8B2CEALUCks08=
-13,-168,1AERGD3nM91veb8Sza1gShiOiLk=,MxJbnEJGvdnmlL8B2CEALUCks08=
-6,-169,1AERGD3nM91veb8Sza1gShiOiLk=,MxJbnEJGvdnmlL8B2CEALUCks08=
-6,-170,1AERGD3nM91veb8Sza1gShiOiLk=,MxJbnEJGvdnmlL8B2CEALUCks08=
-15,-173,1AERGD3nM91veb8Sza1gShiOiLk=,MxJbnEJGvdnmlL8B2CEALUCks08=
-9,-169,1AERGD3nM91veb8Sza1gShiOiLk=,MxJbnEJGvdnmlL8B2CEALUCks08=
-14,-169,1AERGD3nM91veb8Sza1gShiOiLk=,MxJbnEJGvdnmlL8B2CEALUCks08=
-16,-169,1AERGD3nM91veb8Sza1gShiOiLk=,MxJbnEJGvdnmlL8B2CEALUCks08=
-10,-170,1AERGD3nM91veb8Sza1gShiOiLk=,MxJbnEJGvdnmlL8B2CEALUCks08=
-14,-168,1AERGD3nM91veb8Sza1gShiOiLk=,MxJbnEJGvdnmlL8B2CEALUCks08=
-2,-170,1AERGD3nM91veb8Sza1gShiOiLk=,MxJbnEJGvdnmlL8B2CEALUCks08=
-15,-168,1AERGD3nM91veb8Sza1gShiOiLk=,MxJbnEJGvdnmlL8B2CEALUCks08=
-14,-173,1AERGD3nM91veb8Sza1gShiOiLk=,MxJbnEJGvdnmlL8B2CEALUCks08=
-7,-176,1AERGD3nM91veb8Sza1gShiOiLk=,MxJbnEJGvdnmlL8B2CEALUCks08=
-8,-170,1AERGD3nM91veb8Sza1gShiOiLk=,MxJbnEJGvdnmlL8B2CEALUCks08=
-5,-169,1AERGD3nM91veb8Sza1gShiOiLk=,MxJbnEJGvdnmlL8B2CEALUCks08=
-11,-169,1AERGD3nM91veb8Sza1gShiOiLk=,MxJbnEJGvdnmlL8B2CEALUCks08=
-14,-170,1AERGD3nM91veb8Sza1gShiOiLk=,MxJbnEJGvdnmlL8B2CEALUCks08=
-15,-169,1AERGD3nM91veb8Sza1gShiOiLk=,MxJbnEJGvdnmlL8B2CEALUCks08=
-12,-169,1AERGD3nM91veb8Sza1gShiOiLk=,MxJbnEJGvdnmlL8B2CEALUCks08=
-8,-169,1AERGD3nM91veb8Sza1gShiOiLk=,MxJbnEJGvdnmlL8B2CEALUCks08=
-10,-169,1AERGD3nM91veb8Sza1gShiOiLk=,MxJbnEJGvdnmlL8B2CEALUCks08=
-9,-170,1AERGD3nM91veb8Sza1gShiOiLk=,MxJbnEJGvdnmlL8B2CEALUCks08=
-12,-170,1AERGD3nM91veb8Sza1gShiOiLk=,MxJbnEJGvdnmlL8B2CEALUCks08=
-16,-173,1AERGD3nM91veb8Sza1gShiOiLk=,MxJbnEJGvdnmlL8B2CEALUCks08=
-8,-176,1AERGD3nM91veb8Sza1gShiOiLk=,MxJbnEJGvdnmlL8B2CEALUCks08=
-4,-171,1AERGD3nM91veb8Sza1gShiOiLk=,MxJbnEJGvdnmlL8B2CEALUCks08=
-9,-176,1AERGD3nM91veb8Sza1gShiOiLk=,MxJbnEJGvdnmlL8B2CEALUCks08=
-3,-170,1AERGD3nM91veb8Sza1gShiOiLk=,MxJbnEJGvdnmlL8B2CEALUCks08=
-5,-170,1AERGD3nM91veb8Sza1gShiOiLk=,MxJbnEJGvdnmlL8B2CEALUCks08=
-2,-171,1AERGD3nM91veb8Sza1gShiOiLk=,MxJbnEJGvdnmlL8B2CEALUCks08=
-7,-170,1AERGD3nM91veb8Sza1gShiOiLk=,MxJbnEJGvdnmlL8B2CEALUCks08=
-16,-170,1AERGD3nM91veb8Sza1gShiOiLk=,MxJbnEJGvdnmlL8B2CEALUCks08=
-12,-175,1AERGD3nM91veb8Sza1gShiOiLk=,MxJbnEJGvdnmlL8B2CEALUCks08=
-5,-171,1AERGD3nM91veb8Sza1gShiOiLk=,MxJbnEJGvdnmlL8B2CEALUCks08=
-13,-170,1AERGD3nM91veb8Sza1gShiOiLk=,MxJbnEJGvdnmlL8B2CEALUCks08=
-15,-170,1AERGD3nM91veb8Sza1gShiOiLk=,MxJbnEJGvdnmlL8B2CEALUCks08=
-11,-175,1AERGD3nM91veb8Sza1gShiOiLk=,MxJbnEJGvdnmlL8B2CEALUCks08=
-8,-171,1AERGD3nM91veb8Sza1gShiOiLk=,MxJbnEJGvdnmlL8B2CEALUCks08=
-10,-171,1AERGD3nM91veb8Sza1gShiOiLk=,MxJbnEJGvdnmlL8B2CEALUCks08=
-4,-170,1AERGD3nM91veb8Sza1gShiOiLk=,MxJbnEJGvdnmlL8B2CEALUCks08=
-11,-170,1AERGD3nM91veb8Sza1gShiOiLk=,MxJbnEJGvdnmlL8B2CEALUCks08=
-13,-171,1AERGD3nM91veb8Sza1gShiOiLk=,MxJbnEJGvdnmlL8B2CEALUCks08=
-12,-171,1AERGD3nM91veb8Sza1gShiOiLk=,MxJbnEJGvdnmlL8B2CEALUCks08=
-7,-171,1AERGD3nM91veb8Sza1gShiOiLk=,MxJbnEJGvdnmlL8B2CEALUCks08=
-1,-172,1AERGD3nM91veb8Sza1gShiOiLk=,MxJbnEJGvdnmlL8B2CEALUCks08=
-9,-171,1AERGD3nM91veb8Sza1gShiOiLk=,MxJbnEJGvdnmlL8B2CEALUCks08=
-3,-171,1AERGD3nM91veb8Sza1gShiOiLk=,MxJbnEJGvdnmlL8B2CEALUCks08=
-15,-171,1AERGD3nM91veb8Sza1gShiOiLk=,MxJbnEJGvdnmlL8B2CEALUCks08=
-12,-172,1AERGD3nM91veb8Sza1gShiOiLk=,MxJbnEJGvdnmlL8B2CEALUCks08=
-1,-171,1AERGD3nM91veb8Sza1gShiOiLk=,MxJbnEJGvdnmlL8B2CEALUCks08=
-11,-171,1AERGD3nM91veb8Sza1gShiOiLk=,MxJbnEJGvdnmlL8B2CEALUCks08=
-6,-171,1AERGD3nM91veb8Sza1gShiOiLk=,MxJbnEJGvdnmlL8B2CEALUCks08=
-2,-172,1AERGD3nM91veb8Sza1gShiOiLk=,MxJbnEJGvdnmlL8B2CEALUCks08=
-13,-175,1AERGD3nM91veb8Sza1gShiOiLk=,MxJbnEJGvdnmlL8B2CEALUCks08=
-16,-176,1AERGD3nM91veb8Sza1gShiOiLk=,MxJbnEJGvdnmlL8B2CEALUCks08=
-10,-176,1AERGD3nM91veb8Sza1gShiOiLk=,MxJbnEJGvdnmlL8B2CEALUCks08=
-1,-174,1AERGD3nM91veb8Sza1gShiOiLk=,MxJbnEJGvdnmlL8B2CEALUCks08=
-6,-172,1AERGD3nM91veb8Sza1gShiOiLk=,MxJbnEJGvdnmlL8B2CEALUCks08=
-11,-172,1AERGD3nM91veb8Sza1gShiOiLk=,MxJbnEJGvdnmlL8B2CEALUCks08=
-14,-171,1AERGD3nM91veb8Sza1gShiOiLk=,MxJbnEJGvdnmlL8B2CEALUCks08=
-3,-172,1AERGD3nM91veb8Sza1gShiOiLk=,MxJbnEJGvdnmlL8B2CEALUCks08=
-10,-172,1AERGD3nM91veb8Sza1gShiOiLk=,MxJbnEJGvdnmlL8B2CEALUCks08=
-16,-171,1AERGD3nM91veb8Sza1gShiOiLk=,MxJbnEJGvdnmlL8B2CEALUCks08=
-7,-172,1AERGD3nM91veb8Sza1gShiOiLk=,MxJbnEJGvdnmlL8B2CEALUCks08=
-9,-172,1AERGD3nM91veb8Sza1gShiOiLk=,MxJbnEJGvdnmlL8B2CEALUCks08=
-4,-172,1AERGD3nM91veb8Sza1gShiOiLk=,MxJbnEJGvdnmlL8B2CEALUCks08=
-8,-172,1AERGD3nM91veb8Sza1gShiOiLk=,MxJbnEJGvdnmlL8B2CEALUCks08=
-5,-172,1AERGD3nM91veb8Sza1gShiOiLk=,MxJbnEJGvdnmlL8B2CEALUCks08=
-5,-177,jr9xdRQwfTHbOW+EjLVviA7R8Xs=,CzYGbVq5N79HgMZDWmCe9avsRds=
-8,-177,jr9xdRQwfTHbOW+EjLVviA7R8Xs=,CzYGbVq5N79HgMZDWmCe9avsRds=
-13,-177,jr9xdRQwfTHbOW+EjLVviA7R8Xs=,CzYGbVq5N79HgMZDWmCe9avsRds=
-2,-190,jr9xdRQwfTHbOW+EjLVviA7R8Xs=,CzYGbVq5N79HgMZDWmCe9avsRds=
-1,-177,jr9xdRQwfTHbOW+EjLVviA7R8Xs=,CzYGbVq5N79HgMZDWmCe9avsRds=
-3,-190,jr9xdRQwfTHbOW+EjLVviA7R8Xs=,CzYGbVq5N79HgMZDWmCe9avsRds=
-3,-177,jr9xdRQwfTHbOW+EjLVviA7R8Xs=,CzYGbVq5N79HgMZDWmCe9avsRds=
-13,-192,jr9xdRQwfTHbOW+EjLVviA7R8Xs=,CzYGbVq5N79HgMZDWmCe9avsRds=
-11,-177,jr9xdRQwfTHbOW+EjLVviA7R8Xs=,CzYGbVq5N79HgMZDWmCe9avsRds=
-2,-177,jr9xdRQwfTHbOW+EjLVviA7R8Xs=,CzYGbVq5N79HgMZDWmCe9avsRds=
-7,-177,jr9xdRQwfTHbOW+EjLVviA7R8Xs=,CzYGbVq5N79HgMZDWmCe9avsRds=
-6,-177,jr9xdRQwfTHbOW+EjLVviA7R8Xs=,CzYGbVq5N79HgMZDWmCe9avsRds=
-9,-177,jr9xdRQwfTHbOW+EjLVviA7R8Xs=,CzYGbVq5N79HgMZDWmCe9avsRds=
-15,-177,jr9xdRQwfTHbOW+EjLVviA7R8Xs=,CzYGbVq5N79HgMZDWmCe9avsRds=
-10,-177,jr9xdRQwfTHbOW+EjLVviA7R8Xs=,CzYGbVq5N79HgMZDWmCe9avsRds=
-4,-177,jr9xdRQwfTHbOW+EjLVviA7R8Xs=,CzYGbVq5N79HgMZDWmCe9avsRds=
-1,-191,jr9xdRQwfTHbOW+EjLVviA7R8Xs=,CzYGbVq5N79HgMZDWmCe9avsRds=
-15,-191,jr9xdRQwfTHbOW+EjLVviA7R8Xs=,CzYGbVq5N79HgMZDWmCe9avsRds=
-1,-190,jr9xdRQwfTHbOW+EjLVviA7R8Xs=,CzYGbVq5N79HgMZDWmCe9avsRds=
-2,-191,jr9xdRQwfTHbOW+EjLVviA7R8Xs=,CzYGbVq5N79HgMZDWmCe9avsRds=
-14,-177,jr9xdRQwfTHbOW+EjLVviA7R8Xs=,CzYGbVq5N79HgMZDWmCe9avsRds=
-12,-177,jr9xdRQwfTHbOW+EjLVviA7R8Xs=,CzYGbVq5N79HgMZDWmCe9avsRds=
-6,-191,jr9xdRQwfTHbOW+EjLVviA7R8Xs=,CzYGbVq5N79HgMZDWmCe9avsRds=
-3,-191,jr9xdRQwfTHbOW+EjLVviA7R8Xs=,CzYGbVq5N79HgMZDWmCe9avsRds=
-7,-191,jr9xdRQwfTHbOW+EjLVviA7R8Xs=,CzYGbVq5N79HgMZDWmCe9avsRds=
-4,-191,jr9xdRQwfTHbOW+EjLVviA7R8Xs=,CzYGbVq5N79HgMZDWmCe9avsRds=
-10,-191,jr9xdRQwfTHbOW+EjLVviA7R8Xs=,CzYGbVq5N79HgMZDWmCe9avsRds=
-8,-191,jr9xdRQwfTHbOW+EjLVviA7R8Xs=,CzYGbVq5N79HgMZDWmCe9avsRds=
-9,-191,jr9xdRQwfTHbOW+EjLVviA7R8Xs=,CzYGbVq5N79HgMZDWmCe9avsRds=
-5,-191,jr9xdRQwfTHbOW+EjLVviA7R8Xs=,CzYGbVq5N79HgMZDWmCe9avsRds=
-1,-178,jr9xdRQwfTHbOW+EjLVviA7R8Xs=,CzYGbVq5N79HgMZDWmCe9avsRds=
-2,-178,jr9xdRQwfTHbOW+EjLVviA7R8Xs=,CzYGbVq5N79HgMZDWmCe9avsRds=
-14,-192,jr9xdRQwfTHbOW+EjLVviA7R8Xs=,CzYGbVq5N79HgMZDWmCe9avsRds=
-11,-191,jr9xdRQwfTHbOW+EjLVviA7R8Xs=,CzYGbVq5N79HgMZDWmCe9avsRds=
-16,-177,jr9xdRQwfTHbOW+EjLVviA7R8Xs=,CzYGbVq5N79HgMZDWmCe9avsRds=
-13,-191,jr9xdRQwfTHbOW+EjLVviA7R8Xs=,CzYGbVq5N79HgMZDWmCe9avsRds=
-3,-178,jr9xdRQwfTHbOW+EjLVviA7R8Xs=,CzYGbVq5N79HgMZDWmCe9avsRds=
-12,-191,jr9xdRQwfTHbOW+EjLVviA7R8Xs=,CzYGbVq5N79HgMZDWmCe9avsRds=
-5,-178,jr9xdRQwfTHbOW+EjLVviA7R8Xs=,CzYGbVq5N79HgMZDWmCe9avsRds=
-16,-189,jr9xdRQwfTHbOW+EjLVviA7R8Xs=,CzYGbVq5N79HgMZDWmCe9avsRds=
-7,-178,jr9xdRQwfTHbOW+EjLVviA7R8Xs=,CzYGbVq5N79HgMZDWmCe9avsRds=
-4,-190,jr9xdRQwfTHbOW+EjLVviA7R8Xs=,CzYGbVq5N79HgMZDWmCe9avsRds=
-10,-178,jr9xdRQwfTHbOW+EjLVviA7R8Xs=,CzYGbVq5N79HgMZDWmCe9avsRds=
-4,-178,jr9xdRQwfTHbOW+EjLVviA7R8Xs=,CzYGbVq5N79HgMZDWmCe9avsRds=
-9,-178,jr9xdRQwfTHbOW+EjLVviA7R8Xs=,CzYGbVq5N79HgMZDWmCe9avsRds=
-12,-178,jr9xdRQwfTHbOW+EjLVviA7R8Xs=,CzYGbVq5N79HgMZDWmCe9avsRds=
-14,-191,jr9xdRQwfTHbOW+EjLVviA7R8Xs=,CzYGbVq5N79HgMZDWmCe9avsRds=
-11,-178,jr9xdRQwfTHbOW+EjLVviA7R8Xs=,CzYGbVq5N79HgMZDWmCe9avsRds=
-8,-178,jr9xdRQwfTHbOW+EjLVviA7R8Xs=,CzYGbVq5N79HgMZDWmCe9avsRds=
-1,-179,jr9xdRQwfTHbOW+EjLVviA7R8Xs=,CzYGbVq5N79HgMZDWmCe9avsRds=
-15,-178,jr9xdRQwfTHbOW+EjLVviA7R8Xs=,CzYGbVq5N79HgMZDWmCe9avsRds=
-16,-178,jr9xdRQwfTHbOW+EjLVviA7R8Xs=,CzYGbVq5N79HgMZDWmCe9avsRds=
-1,-192,jr9xdRQwfTHbOW+EjLVviA7R8Xs=,CzYGbVq5N79HgMZDWmCe9avsRds=
-13,-178,jr9xdRQwfTHbOW+EjLVviA7R8Xs=,CzYGbVq5N79HgMZDWmCe9avsRds=
-7,-179,jr9xdRQwfTHbOW+EjLVviA7R8Xs=,CzYGbVq5N79HgMZDWmCe9avsRds=
-5,-179,jr9xdRQwfTHbOW+EjLVviA7R8Xs=,CzYGbVq5N79HgMZDWmCe9avsRds=
-6,-179,jr9xdRQwfTHbOW+EjLVviA7R8Xs=,CzYGbVq5N79HgMZDWmCe9avsRds=
-5,-190,jr9xdRQwfTHbOW+EjLVviA7R8Xs=,CzYGbVq5N79HgMZDWmCe9avsRds=
-14,-178,jr9xdRQwfTHbOW+EjLVviA7R8Xs=,CzYGbVq5N79HgMZDWmCe9avsRds=
-6,-178,jr9xdRQwfTHbOW+EjLVviA7R8Xs=,CzYGbVq5N79HgMZDWmCe9avsRds=
-8,-179,jr9xdRQwfTHbOW+EjLVviA7R8Xs=,CzYGbVq5N79HgMZDWmCe9avsRds=
-16,-191,jr9xdRQwfTHbOW+EjLVviA7R8Xs=,CzYGbVq5N79HgMZDWmCe9avsRds=
-3,-179,jr9xdRQwfTHbOW+EjLVviA7R8Xs=,CzYGbVq5N79HgMZDWmCe9avsRds=
-13,-179,jr9xdRQwfTHbOW+EjLVviA7R8Xs=,CzYGbVq5N79HgMZDWmCe9avsRds=
-12,-179,jr9xdRQwfTHbOW+EjLVviA7R8Xs=,CzYGbVq5N79HgMZDWmCe9avsRds=
-15,-189,jr9xdRQwfTHbOW+EjLVviA7R8Xs=,CzYGbVq5N79HgMZDWmCe9avsRds=
-9,-179,jr9xdRQwfTHbOW+EjLVviA7R8Xs=,CzYGbVq5N79HgMZDWmCe9avsRds=
-2,-179,jr9xdRQwfTHbOW+EjLVviA7R8Xs=,CzYGbVq5N79HgMZDWmCe9avsRds=
-16,-179,jr9xdRQwfTHbOW+EjLVviA7R8Xs=,CzYGbVq5N79HgMZDWmCe9avsRds=
-4,-179,jr9xdRQwfTHbOW+EjLVviA7R8Xs=,CzYGbVq5N79HgMZDWmCe9avsRds=
-11,-179,jr9xdRQwfTHbOW+EjLVviA7R8Xs=,CzYGbVq5N79HgMZDWmCe9avsRds=
-3,-180,jr9xdRQwfTHbOW+EjLVviA7R8Xs=,CzYGbVq5N79HgMZDWmCe9avsRds=
-2,-192,jr9xdRQwfTHbOW+EjLVviA7R8Xs=,CzYGbVq5N79HgMZDWmCe9avsRds=
-10,-179,jr9xdRQwfTHbOW+EjLVviA7R8Xs=,CzYGbVq5N79HgMZDWmCe9avsRds=
-2,-180,jr9xdRQwfTHbOW+EjLVviA7R8Xs=,CzYGbVq5N79HgMZDWmCe9avsRds=
-4,-180,jr9xdRQwfTHbOW+EjLVviA7R8Xs=,CzYGbVq5N79HgMZDWmCe9avsRds=
-15,-179,jr9xdRQwfTHbOW+EjLVviA7R8Xs=,CzYGbVq5N79HgMZDWmCe9avsRds=
-14,-189,jr9xdRQwfTHbOW+EjLVviA7R8Xs=,CzYGbVq5N79HgMZDWmCe9avsRds=
-1,-180,jr9xdRQwfTHbOW+EjLVviA7R8Xs=,CzYGbVq5N79HgMZDWmCe9avsRds=
-14,-179,jr9xdRQwfTHbOW+EjLVviA7R8Xs=,CzYGbVq5N79HgMZDWmCe9avsRds=
-6,-190,jr9xdRQwfTHbOW+EjLVviA7R8Xs=,CzYGbVq5N79HgMZDWmCe9avsRds=
-6,-180,jr9xdRQwfTHbOW+EjLVviA7R8Xs=,CzYGbVq5N79HgMZDWmCe9avsRds=
-15,-192,jr9xdRQwfTHbOW+EjLVviA7R8Xs=,CzYGbVq5N79HgMZDWmCe9avsRds=
-8,-180,jr9xdRQwfTHbOW+EjLVviA7R8Xs=,CzYGbVq5N79HgMZDWmCe9avsRds=
-7,-180,jr9xdRQwfTHbOW+EjLVviA7R8Xs=,CzYGbVq5N79HgMZDWmCe9avsRds=
-14,-180,jr9xdRQwfTHbOW+EjLVviA7R8Xs=,CzYGbVq5N79HgMZDWmCe9avsRds=
-13,-189,jr9xdRQwfTHbOW+EjLVviA7R8Xs=,CzYGbVq5N79HgMZDWmCe9avsRds=
-1,-181,jr9xdRQwfTHbOW+EjLVviA7R8Xs=,CzYGbVq5N79HgMZDWmCe9avsRds=
-13,-180,jr9xdRQwfTHbOW+EjLVviA7R8Xs=,CzYGbVq5N79HgMZDWmCe9avsRds=
-10,-180,jr9xdRQwfTHbOW+EjLVviA7R8Xs=,CzYGbVq5N79HgMZDWmCe9avsRds=
-11,-180,jr9xdRQwfTHbOW+EjLVviA7R8Xs=,CzYGbVq5N79HgMZDWmCe9avsRds=
-5,-180,jr9xdRQwfTHbOW+EjLVviA7R8Xs=,CzYGbVq5N79HgMZDWmCe9avsRds=
-2,-181,jr9xdRQwfTHbOW+EjLVviA7R8Xs=,CzYGbVq5N79HgMZDWmCe9avsRds=
-12,-180,jr9xdRQwfTHbOW+EjLVviA7R8Xs=,CzYGbVq5N79HgMZDWmCe9avsRds=
-15,-180,jr9xdRQwfTHbOW+EjLVviA7R8Xs=,CzYGbVq5N79HgMZDWmCe9avsRds=
-9,-180,jr9xdRQwfTHbOW+EjLVviA7R8Xs=,CzYGbVq5N79HgMZDWmCe9avsRds=
-7,-190,jr9xdRQwfTHbOW+EjLVviA7R8Xs=,CzYGbVq5N79HgMZDWmCe9avsRds=
-5,-181,jr9xdRQwfTHbOW+EjLVviA7R8Xs=,CzYGbVq5N79HgMZDWmCe9avsRds=
-6,-181,jr9xdRQwfTHbOW+EjLVviA7R8Xs=,CzYGbVq5N79HgMZDWmCe9avsRds=
-4,-181,jr9xdRQwfTHbOW+EjLVviA7R8Xs=,CzYGbVq5N79HgMZDWmCe9avsRds=
-16,-180,jr9xdRQwfTHbOW+EjLVviA7R8Xs=,CzYGbVq5N79HgMZDWmCe9avsRds=
-12,-189,jr9xdRQwfTHbOW+EjLVviA7R8Xs=,CzYGbVq5N79HgMZDWmCe9avsRds=
-3,-181,jr9xdRQwfTHbOW+EjLVviA7R8Xs=,CzYGbVq5N79HgMZDWmCe9avsRds=
-12,-181,jr9xdRQwfTHbOW+EjLVviA7R8Xs=,CzYGbVq5N79HgMZDWmCe9avsRds=
-8,-181,jr9xdRQwfTHbOW+EjLVviA7R8Xs=,CzYGbVq5N79HgMZDWmCe9avsRds=
-1,-182,jr9xdRQwfTHbOW+EjLVviA7R8Xs=,CzYGbVq5N79HgMZDWmCe9avsRds=
-13,-181,jr9xdRQwfTHbOW+EjLVviA7R8Xs=,CzYGbVq5N79HgMZDWmCe9avsRds=
-11,-181,jr9xdRQwfTHbOW+EjLVviA7R8Xs=,CzYGbVq5N79HgMZDWmCe9avsRds=
-3,-182,jr9xdRQwfTHbOW+EjLVviA7R8Xs=,CzYGbVq5N79HgMZDWmCe9avsRds=
-3,-192,jr9xdRQwfTHbOW+EjLVviA7R8Xs=,CzYGbVq5N79HgMZDWmCe9avsRds=
-14,-181,jr9xdRQwfTHbOW+EjLVviA7R8Xs=,CzYGbVq5N79HgMZDWmCe9avsRds=
-15,-181,jr9xdRQwfTHbOW+EjLVviA7R8Xs=,CzYGbVq5N79HgMZDWmCe9avsRds=
-10,-181,jr9xdRQwfTHbOW+EjLVviA7R8Xs=,CzYGbVq5N79HgMZDWmCe9avsRds=
-16,-181,jr9xdRQwfTHbOW+EjLVviA7R8Xs=,CzYGbVq5N79HgMZDWmCe9avsRds=
-2,-182,jr9xdRQwfTHbOW+EjLVviA7R8Xs=,CzYGbVq5N79HgMZDWmCe9avsRds=
-6,-182,jr9xdRQwfTHbOW+EjLVviA7R8Xs=,CzYGbVq5N79HgMZDWmCe9avsRds=
-4,-192,jr9xdRQwfTHbOW+EjLVviA7R8Xs=,CzYGbVq5N79HgMZDWmCe9avsRds=
-7,-182,jr9xdRQwfTHbOW+EjLVviA7R8Xs=,CzYGbVq5N79HgMZDWmCe9avsRds=
-7,-181,jr9xdRQwfTHbOW+EjLVviA7R8Xs=,CzYGbVq5N79HgMZDWmCe9avsRds=
-9,-182,jr9xdRQwfTHbOW+EjLVviA7R8Xs=,CzYGbVq5N79HgMZDWmCe9avsRds=
-9,-181,jr9xdRQwfTHbOW+EjLVviA7R8Xs=,CzYGbVq5N79HgMZDWmCe9avsRds=
-12,-182,jr9xdRQwfTHbOW+EjLVviA7R8Xs=,CzYGbVq5N79HgMZDWmCe9avsRds=
-8,-182,jr9xdRQwfTHbOW+EjLVviA7R8Xs=,CzYGbVq5N79HgMZDWmCe9avsRds=
-8,-190,jr9xdRQwfTHbOW+EjLVviA7R8Xs=,CzYGbVq5N79HgMZDWmCe9avsRds=
-16,-190,jr9xdRQwfTHbOW+EjLVviA7R8Xs=,CzYGbVq5N79HgMZDWmCe9avsRds=
-4,-182,jr9xdRQwfTHbOW+EjLVviA7R8Xs=,CzYGbVq5N79HgMZDWmCe9avsRds=
-14,-182,jr9xdRQwfTHbOW+EjLVviA7R8Xs=,CzYGbVq5N79HgMZDWmCe9avsRds=
-10,-182,jr9xdRQwfTHbOW+EjLVviA7R8Xs=,CzYGbVq5N79HgMZDWmCe9avsRds=
-13,-182,jr9xdRQwfTHbOW+EjLVviA7R8Xs=,CzYGbVq5N79HgMZDWmCe9avsRds=
-2,-183,jr9xdRQwfTHbOW+EjLVviA7R8Xs=,CzYGbVq5N79HgMZDWmCe9avsRds=
-5,-182,jr9xdRQwfTHbOW+EjLVviA7R8Xs=,CzYGbVq5N79HgMZDWmCe9avsRds=
-15,-182,jr9xdRQwfTHbOW+EjLVviA7R8Xs=,CzYGbVq5N79HgMZDWmCe9avsRds=
-1,-183,jr9xdRQwfTHbOW+EjLVviA7R8Xs=,CzYGbVq5N79HgMZDWmCe9avsRds=
-16,-182,jr9xdRQwfTHbOW+EjLVviA7R8Xs=,CzYGbVq5N79HgMZDWmCe9avsRds=
-4,-183,jr9xdRQwfTHbOW+EjLVviA7R8Xs=,CzYGbVq5N79HgMZDWmCe9avsRds=
-3,-183,jr9xdRQwfTHbOW+EjLVviA7R8Xs=,CzYGbVq5N79HgMZDWmCe9avsRds=
-11,-182,jr9xdRQwfTHbOW+EjLVviA7R8Xs=,CzYGbVq5N79HgMZDWmCe9avsRds=
-5,-192,jr9xdRQwfTHbOW+EjLVviA7R8Xs=,CzYGbVq5N79HgMZDWmCe9avsRds=
-9,-190,jr9xdRQwfTHbOW+EjLVviA7R8Xs=,CzYGbVq5N79HgMZDWmCe9avsRds=
-8,-183,jr9xdRQwfTHbOW+EjLVviA7R8Xs=,CzYGbVq5N79HgMZDWmCe9avsRds=
-10,-183,jr9xdRQwfTHbOW+EjLVviA7R8Xs=,CzYGbVq5N79HgMZDWmCe9avsRds=
-5,-183,jr9xdRQwfTHbOW+EjLVviA7R8Xs=,CzYGbVq5N79HgMZDWmCe9avsRds=
-11,-183,jr9xdRQwfTHbOW+EjLVviA7R8Xs=,CzYGbVq5N79HgMZDWmCe9avsRds=
-12,-192,jr9xdRQwfTHbOW+EjLVviA7R8Xs=,CzYGbVq5N79HgMZDWmCe9avsRds=
-13,-183,jr9xdRQwfTHbOW+EjLVviA7R8Xs=,CzYGbVq5N79HgMZDWmCe9avsRds=
-16,-183,jr9xdRQwfTHbOW+EjLVviA7R8Xs=,CzYGbVq5N79HgMZDWmCe9avsRds=
-6,-183,jr9xdRQwfTHbOW+EjLVviA7R8Xs=,CzYGbVq5N79HgMZDWmCe9avsRds=
-9,-183,jr9xdRQwfTHbOW+EjLVviA7R8Xs=,CzYGbVq5N79HgMZDWmCe9avsRds=
-12,-183,jr9xdRQwfTHbOW+EjLVviA7R8Xs=,CzYGbVq5N79HgMZDWmCe9avsRds=
-15,-183,jr9xdRQwfTHbOW+EjLVviA7R8Xs=,CzYGbVq5N79HgMZDWmCe9avsRds=
-7,-183,jr9xdRQwfTHbOW+EjLVviA7R8Xs=,CzYGbVq5N79HgMZDWmCe9avsRds=
-7,-184,jr9xdRQwfTHbOW+EjLVviA7R8Xs=,CzYGbVq5N79HgMZDWmCe9avsRds=
-14,-183,jr9xdRQwfTHbOW+EjLVviA7R8Xs=,CzYGbVq5N79HgMZDWmCe9avsRds=
-5,-184,jr9xdRQwfTHbOW+EjLVviA7R8Xs=,CzYGbVq5N79HgMZDWmCe9avsRds=
-2,-184,jr9xdRQwfTHbOW+EjLVviA7R8Xs=,CzYGbVq5N79HgMZDWmCe9avsRds=
-6,-192,jr9xdRQwfTHbOW+EjLVviA7R8Xs=,CzYGbVq5N79HgMZDWmCe9avsRds=
-1,-184,jr9xdRQwfTHbOW+EjLVviA7R8Xs=,CzYGbVq5N79HgMZDWmCe9avsRds=
-11,-189,jr9xdRQwfTHbOW+EjLVviA7R8Xs=,CzYGbVq5N79HgMZDWmCe9avsRds=
-10,-190,jr9xdRQwfTHbOW+EjLVviA7R8Xs=,CzYGbVq5N79HgMZDWmCe9avsRds=
-3,-184,jr9xdRQwfTHbOW+EjLVviA7R8Xs=,CzYGbVq5N79HgMZDWmCe9avsRds=
-8,-184,jr9xdRQwfTHbOW+EjLVviA7R8Xs=,CzYGbVq5N79HgMZDWmCe9avsRds=
-6,-184,jr9xdRQwfTHbOW+EjLVviA7R8Xs=,CzYGbVq5N79HgMZDWmCe9avsRds=
-10,-184,jr9xdRQwfTHbOW+EjLVviA7R8Xs=,CzYGbVq5N79HgMZDWmCe9avsRds=
-4,-184,jr9xdRQwfTHbOW+EjLVviA7R8Xs=,CzYGbVq5N79HgMZDWmCe9avsRds=
-9,-184,jr9xdRQwfTHbOW+EjLVviA7R8Xs=,CzYGbVq5N79HgMZDWmCe9avsRds=
-13,-184,jr9xdRQwfTHbOW+EjLVviA7R8Xs=,CzYGbVq5N79HgMZDWmCe9avsRds=
-12,-184,jr9xdRQwfTHbOW+EjLVviA7R8Xs=,CzYGbVq5N79HgMZDWmCe9avsRds=
-11,-184,jr9xdRQwfTHbOW+EjLVviA7R8Xs=,CzYGbVq5N79HgMZDWmCe9avsRds=
-16,-184,jr9xdRQwfTHbOW+EjLVviA7R8Xs=,CzYGbVq5N79HgMZDWmCe9avsRds=
-1,-185,jr9xdRQwfTHbOW+EjLVviA7R8Xs=,CzYGbVq5N79HgMZDWmCe9avsRds=
-4,-185,jr9xdRQwfTHbOW+EjLVviA7R8Xs=,CzYGbVq5N79HgMZDWmCe9avsRds=
-2,-185,jr9xdRQwfTHbOW+EjLVviA7R8Xs=,CzYGbVq5N79HgMZDWmCe9avsRds=
-15,-184,jr9xdRQwfTHbOW+EjLVviA7R8Xs=,CzYGbVq5N79HgMZDWmCe9avsRds=
-5,-185,jr9xdRQwfTHbOW+EjLVviA7R8Xs=,CzYGbVq5N79HgMZDWmCe9avsRds=
-10,-189,jr9xdRQwfTHbOW+EjLVviA7R8Xs=,CzYGbVq5N79HgMZDWmCe9avsRds=
-14,-184,jr9xdRQwfTHbOW+EjLVviA7R8Xs=,CzYGbVq5N79HgMZDWmCe9avsRds=
-7,-185,jr9xdRQwfTHbOW+EjLVviA7R8Xs=,CzYGbVq5N79HgMZDWmCe9avsRds=
-12,-185,jr9xdRQwfTHbOW+EjLVviA7R8Xs=,CzYGbVq5N79HgMZDWmCe9avsRds=
-6,-185,jr9xdRQwfTHbOW+EjLVviA7R8Xs=,CzYGbVq5N79HgMZDWmCe9avsRds=
-3,-185,jr9xdRQwfTHbOW+EjLVviA7R8Xs=,CzYGbVq5N79HgMZDWmCe9avsRds=
-9,-185,jr9xdRQwfTHbOW+EjLVviA7R8Xs=,CzYGbVq5N79HgMZDWmCe9avsRds=
-11,-185,jr9xdRQwfTHbOW+EjLVviA7R8Xs=,CzYGbVq5N79HgMZDWmCe9avsRds=
-11,-190,jr9xdRQwfTHbOW+EjLVviA7R8Xs=,CzYGbVq5N79HgMZDWmCe9avsRds=
-14,-185,jr9xdRQwfTHbOW+EjLVviA7R8Xs=,CzYGbVq5N79HgMZDWmCe9avsRds=
-7,-192,jr9xdRQwfTHbOW+EjLVviA7R8Xs=,CzYGbVq5N79HgMZDWmCe9avsRds=
-15,-185,jr9xdRQwfTHbOW+EjLVviA7R8Xs=,CzYGbVq5N79HgMZDWmCe9avsRds=
-8,-185,jr9xdRQwfTHbOW+EjLVviA7R8Xs=,CzYGbVq5N79HgMZDWmCe9avsRds=
-10,-185,jr9xdRQwfTHbOW+EjLVviA7R8Xs=,CzYGbVq5N79HgMZDWmCe9avsRds=
-4,-186,jr9xdRQwfTHbOW+EjLVviA7R8Xs=,CzYGbVq5N79HgMZDWmCe9avsRds=
-16,-185,jr9xdRQwfTHbOW+EjLVviA7R8Xs=,CzYGbVq5N79HgMZDWmCe9avsRds=
-9,-189,jr9xdRQwfTHbOW+EjLVviA7R8Xs=,CzYGbVq5N79HgMZDWmCe9avsRds=
-2,-186,jr9xdRQwfTHbOW+EjLVviA7R8Xs=,CzYGbVq5N79HgMZDWmCe9avsRds=
-3,-186,jr9xdRQwfTHbOW+EjLVviA7R8Xs=,CzYGbVq5N79HgMZDWmCe9avsRds=
-13,-185,jr9xdRQwfTHbOW+EjLVviA7R8Xs=,CzYGbVq5N79HgMZDWmCe9avsRds=
-6,-186,jr9xdRQwfTHbOW+EjLVviA7R8Xs=,CzYGbVq5N79HgMZDWmCe9avsRds=
-1,-186,jr9xdRQwfTHbOW+EjLVviA7R8Xs=,CzYGbVq5N79HgMZDWmCe9avsRds=
-7,-186,jr9xdRQwfTHbOW+EjLVviA7R8Xs=,CzYGbVq5N79HgMZDWmCe9avsRds=
-8,-192,jr9xdRQwfTHbOW+EjLVviA7R8Xs=,CzYGbVq5N79HgMZDWmCe9avsRds=
-5,-186,jr9xdRQwfTHbOW+EjLVviA7R8Xs=,CzYGbVq5N79HgMZDWmCe9avsRds=
-2,-187,jr9xdRQwfTHbOW+EjLVviA7R8Xs=,CzYGbVq5N79HgMZDWmCe9avsRds=
-11,-187,jr9xdRQwfTHbOW+EjLVviA7R8Xs=,CzYGbVq5N79HgMZDWmCe9avsRds=
-11,-186,jr9xdRQwfTHbOW+EjLVviA7R8Xs=,CzYGbVq5N79HgMZDWmCe9avsRds=
-15,-186,jr9xdRQwfTHbOW+EjLVviA7R8Xs=,CzYGbVq5N79HgMZDWmCe9avsRds=
-10,-186,jr9xdRQwfTHbOW+EjLVviA7R8Xs=,CzYGbVq5N79HgMZDWmCe9avsRds=
-13,-186,jr9xdRQwfTHbOW+EjLVviA7R8Xs=,CzYGbVq5N79HgMZDWmCe9avsRds=
-14,-186,jr9xdRQwfTHbOW+EjLVviA7R8Xs=,CzYGbVq5N79HgMZDWmCe9avsRds=
-1,-187,jr9xdRQwfTHbOW+EjLVviA7R8Xs=,CzYGbVq5N79HgMZDWmCe9avsRds=
-12,-186,jr9xdRQwfTHbOW+EjLVviA7R8Xs=,CzYGbVq5N79HgMZDWmCe9avsRds=
-12,-190,jr9xdRQwfTHbOW+EjLVviA7R8Xs=,CzYGbVq5N79HgMZDWmCe9avsRds=
-9,-187,jr9xdRQwfTHbOW+EjLVviA7R8Xs=,CzYGbVq5N79HgMZDWmCe9avsRds=
-8,-189,jr9xdRQwfTHbOW+EjLVviA7R8Xs=,CzYGbVq5N79HgMZDWmCe9avsRds=
-15,-187,jr9xdRQwfTHbOW+EjLVviA7R8Xs=,CzYGbVq5N79HgMZDWmCe9avsRds=
-12,-187,jr9xdRQwfTHbOW+EjLVviA7R8Xs=,CzYGbVq5N79HgMZDWmCe9avsRds=
-4,-187,jr9xdRQwfTHbOW+EjLVviA7R8Xs=,CzYGbVq5N79HgMZDWmCe9avsRds=
-1,-188,jr9xdRQwfTHbOW+EjLVviA7R8Xs=,CzYGbVq5N79HgMZDWmCe9avsRds=
-8,-186,jr9xdRQwfTHbOW+EjLVviA7R8Xs=,CzYGbVq5N79HgMZDWmCe9avsRds=
-7,-187,jr9xdRQwfTHbOW+EjLVviA7R8Xs=,CzYGbVq5N79HgMZDWmCe9avsRds=
-9,-186,jr9xdRQwfTHbOW+EjLVviA7R8Xs=,CzYGbVq5N79HgMZDWmCe9avsRds=
-16,-187,jr9xdRQwfTHbOW+EjLVviA7R8Xs=,CzYGbVq5N79HgMZDWmCe9avsRds=
-6,-187,jr9xdRQwfTHbOW+EjLVviA7R8Xs=,CzYGbVq5N79HgMZDWmCe9avsRds=
-13,-187,jr9xdRQwfTHbOW+EjLVviA7R8Xs=,CzYGbVq5N79HgMZDWmCe9avsRds=
-5,-187,jr9xdRQwfTHbOW+EjLVviA7R8Xs=,CzYGbVq5N79HgMZDWmCe9avsRds=
-10,-187,jr9xdRQwfTHbOW+EjLVviA7R8Xs=,CzYGbVq5N79HgMZDWmCe9avsRds=
-16,-192,jr9xdRQwfTHbOW+EjLVviA7R8Xs=,CzYGbVq5N79HgMZDWmCe9avsRds=
-16,-186,jr9xdRQwfTHbOW+EjLVviA7R8Xs=,CzYGbVq5N79HgMZDWmCe9avsRds=
-9,-192,jr9xdRQwfTHbOW+EjLVviA7R8Xs=,CzYGbVq5N79HgMZDWmCe9avsRds=
-13,-190,jr9xdRQwfTHbOW+EjLVviA7R8Xs=,CzYGbVq5N79HgMZDWmCe9avsRds=
-3,-188,jr9xdRQwfTHbOW+EjLVviA7R8Xs=,CzYGbVq5N79HgMZDWmCe9avsRds=
-3,-187,jr9xdRQwfTHbOW+EjLVviA7R8Xs=,CzYGbVq5N79HgMZDWmCe9avsRds=
-6,-188,jr9xdRQwfTHbOW+EjLVviA7R8Xs=,CzYGbVq5N79HgMZDWmCe9avsRds=
-14,-187,jr9xdRQwfTHbOW+EjLVviA7R8Xs=,CzYGbVq5N79HgMZDWmCe9avsRds=
-8,-187,jr9xdRQwfTHbOW+EjLVviA7R8Xs=,CzYGbVq5N79HgMZDWmCe9avsRds=
-4,-188,jr9xdRQwfTHbOW+EjLVviA7R8Xs=,CzYGbVq5N79HgMZDWmCe9avsRds=
-12,-188,jr9xdRQwfTHbOW+EjLVviA7R8Xs=,CzYGbVq5N79HgMZDWmCe9avsRds=
-8,-188,jr9xdRQwfTHbOW+EjLVviA7R8Xs=,CzYGbVq5N79HgMZDWmCe9avsRds=
-14,-190,jr9xdRQwfTHbOW+EjLVviA7R8Xs=,CzYGbVq5N79HgMZDWmCe9avsRds=
-11,-192,jr9xdRQwfTHbOW+EjLVviA7R8Xs=,CzYGbVq5N79HgMZDWmCe9avsRds=
-5,-188,jr9xdRQwfTHbOW+EjLVviA7R8Xs=,CzYGbVq5N79HgMZDWmCe9avsRds=
-2,-188,jr9xdRQwfTHbOW+EjLVviA7R8Xs=,CzYGbVq5N79HgMZDWmCe9avsRds=
-10,-188,jr9xdRQwfTHbOW+EjLVviA7R8Xs=,CzYGbVq5N79HgMZDWmCe9avsRds=
-3,-189,jr9xdRQwfTHbOW+EjLVviA7R8Xs=,CzYGbVq5N79HgMZDWmCe9avsRds=
-13,-188,jr9xdRQwfTHbOW+EjLVviA7R8Xs=,CzYGbVq5N79HgMZDWmCe9avsRds=
-16,-188,jr9xdRQwfTHbOW+EjLVviA7R8Xs=,CzYGbVq5N79HgMZDWmCe9avsRds=
-10,-192,jr9xdRQwfTHbOW+EjLVviA7R8Xs=,CzYGbVq5N79HgMZDWmCe9avsRds=
-7,-188,jr9xdRQwfTHbOW+EjLVviA7R8Xs=,CzYGbVq5N79HgMZDWmCe9avsRds=
-7,-189,jr9xdRQwfTHbOW+EjLVviA7R8Xs=,CzYGbVq5N79HgMZDWmCe9avsRds=
-4,-189,jr9xdRQwfTHbOW+EjLVviA7R8Xs=,CzYGbVq5N79HgMZDWmCe9avsRds=
-5,-189,jr9xdRQwfTHbOW+EjLVviA7R8Xs=,CzYGbVq5N79HgMZDWmCe9avsRds=
-11,-188,jr9xdRQwfTHbOW+EjLVviA7R8Xs=,CzYGbVq5N79HgMZDWmCe9avsRds=
-9,-188,jr9xdRQwfTHbOW+EjLVviA7R8Xs=,CzYGbVq5N79HgMZDWmCe9avsRds=
-6,-189,jr9xdRQwfTHbOW+EjLVviA7R8Xs=,CzYGbVq5N79HgMZDWmCe9avsRds=
-15,-190,jr9xdRQwfTHbOW+EjLVviA7R8Xs=,CzYGbVq5N79HgMZDWmCe9avsRds=
-1,-189,jr9xdRQwfTHbOW+EjLVviA7R8Xs=,CzYGbVq5N79HgMZDWmCe9avsRds=
-15,-188,jr9xdRQwfTHbOW+EjLVviA7R8Xs=,CzYGbVq5N79HgMZDWmCe9avsRds=
-2,-189,jr9xdRQwfTHbOW+EjLVviA7R8Xs=,CzYGbVq5N79HgMZDWmCe9avsRds=
-14,-188,jr9xdRQwfTHbOW+EjLVviA7R8Xs=,CzYGbVq5N79HgMZDWmCe9avsRds=
-29,-192,TB9M+ioZlvk63X6SvVFcxuOIKAk=,8oCvkbM3poiSp5eJAOiAG65D5Hg=
-26,-177,jDoQ3k1bZJgWy9Abqw/GU/Ch2Bc=,8oCvkbM3poiSp5eJAOiAG65D5Hg=
-25,-177,jDoQ3k1bZJgWy9Abqw/GU/Ch2Bc=,8oCvkbM3poiSp5eJAOiAG65D5Hg=
-20,-177,TB9M+ioZlvk63X6SvVFcxuOIKAk=,8oCvkbM3poiSp5eJAOiAG65D5Hg=
-19,-177,jDoQ3k1bZJgWy9Abqw/GU/Ch2Bc=,8oCvkbM3poiSp5eJAOiAG65D5Hg=
-28,-177,TB9M+ioZlvk63X6SvVFcxuOIKAk=,8oCvkbM3poiSp5eJAOiAG65D5Hg=
-17,-191,TB9M+ioZlvk63X6SvVFcxuOIKAk=,8oCvkbM3poiSp5eJAOiAG65D5Hg=
-21,-177,TB9M+ioZlvk63X6SvVFcxuOIKAk=,8oCvkbM3poiSp5eJAOiAG65D5Hg=
-23,-177,jDoQ3k1bZJgWy9Abqw/GU/Ch2Bc=,8oCvkbM3poiSp5eJAOiAG65D5Hg=
-17,-177,jDoQ3k1bZJgWy9Abqw/GU/Ch2Bc=,8oCvkbM3poiSp5eJAOiAG65D5Hg=
-31,-191,jDoQ3k1bZJgWy9Abqw/GU/Ch2Bc=,8oCvkbM3poiSp5eJAOiAG65D5Hg=
-22,-177,TB9M+ioZlvk63X6SvVFcxuOIKAk=,8oCvkbM3poiSp5eJAOiAG65D5Hg=
-27,-177,TB9M+ioZlvk63X6SvVFcxuOIKAk=,8oCvkbM3poiSp5eJAOiAG65D5Hg=
-19,-190,jDoQ3k1bZJgWy9Abqw/GU/Ch2Bc=,8oCvkbM3poiSp5eJAOiAG65D5Hg=
-30,-177,jDoQ3k1bZJgWy9Abqw/GU/Ch2Bc=,8oCvkbM3poiSp5eJAOiAG65D5Hg=
-24,-177,TB9M+ioZlvk63X6SvVFcxuOIKAk=,8oCvkbM3poiSp5eJAOiAG65D5Hg=
-18,-177,jDoQ3k1bZJgWy9Abqw/GU/Ch2Bc=,8oCvkbM3poiSp5eJAOiAG65D5Hg=
-31,-177,jDoQ3k1bZJgWy9Abqw/GU/Ch2Bc=,8oCvkbM3poiSp5eJAOiAG65D5Hg=
-18,-191,jDoQ3k1bZJgWy9Abqw/GU/Ch2Bc=,8oCvkbM3poiSp5eJAOiAG65D5Hg=
-21,-191,jDoQ3k1bZJgWy9Abqw/GU/Ch2Bc=,8oCvkbM3poiSp5eJAOiAG65D5Hg=
-20,-191,jDoQ3k1bZJgWy9Abqw/GU/Ch2Bc=,8oCvkbM3poiSp5eJAOiAG65D5Hg=
-19,-191,jDoQ3k1bZJgWy9Abqw/GU/Ch2Bc=,8oCvkbM3poiSp5eJAOiAG65D5Hg=
-29,-177,TB9M+ioZlvk63X6SvVFcxuOIKAk=,8oCvkbM3poiSp5eJAOiAG65D5Hg=
-27,-191,jDoQ3k1bZJgWy9Abqw/GU/Ch2Bc=,8oCvkbM3poiSp5eJAOiAG65D5Hg=
-28,-191,jDoQ3k1bZJgWy9Abqw/GU/Ch2Bc=,8oCvkbM3poiSp5eJAOiAG65D5Hg=
-29,-191,jDoQ3k1bZJgWy9Abqw/GU/Ch2Bc=,8oCvkbM3poiSp5eJAOiAG65D5Hg=
-22,-191,jDoQ3k1bZJgWy9Abqw/GU/Ch2Bc=,8oCvkbM3poiSp5eJAOiAG65D5Hg=
-26,-191,jDoQ3k1bZJgWy9Abqw/GU/Ch2Bc=,8oCvkbM3poiSp5eJAOiAG65D5Hg=
-18,-190,jDoQ3k1bZJgWy9Abqw/GU/Ch2Bc=,8oCvkbM3poiSp5eJAOiAG65D5Hg=
-30,-191,jDoQ3k1bZJgWy9Abqw/GU/Ch2Bc=,8oCvkbM3poiSp5eJAOiAG65D5Hg=
-24,-191,jDoQ3k1bZJgWy9Abqw/GU/Ch2Bc=,8oCvkbM3poiSp5eJAOiAG65D5Hg=
-17,-178,jDoQ3k1bZJgWy9Abqw/GU/Ch2Bc=,8oCvkbM3poiSp5eJAOiAG65D5Hg=
-23,-191,jDoQ3k1bZJgWy9Abqw/GU/Ch2Bc=,8oCvkbM3poiSp5eJAOiAG65D5Hg=
-25,-191,jDoQ3k1bZJgWy9Abqw/GU/Ch2Bc=,8oCvkbM3poiSp5eJAOiAG65D5Hg=
-21,-178,jDoQ3k1bZJgWy9Abqw/GU/Ch2Bc=,8oCvkbM3poiSp5eJAOiAG65D5Hg=
-30,-192,jDoQ3k1bZJgWy9Abqw/GU/Ch2Bc=,8oCvkbM3poiSp5eJAOiAG65D5Hg=
-19,-178,jDoQ3k1bZJgWy9Abqw/GU/Ch2Bc=,8oCvkbM3poiSp5eJAOiAG65D5Hg=
-20,-178,jDoQ3k1bZJgWy9Abqw/GU/Ch2Bc=,8oCvkbM3poiSp5eJAOiAG65D5Hg=
-18,-178,jDoQ3k1bZJgWy9Abqw/GU/Ch2Bc=,8oCvkbM3poiSp5eJAOiAG65D5Hg=
-23,-178,jDoQ3k1bZJgWy9Abqw/GU/Ch2Bc=,8oCvkbM3poiSp5eJAOiAG65D5Hg=
-22,-178,jDoQ3k1bZJgWy9Abqw/GU/Ch2Bc=,8oCvkbM3poiSp5eJAOiAG65D5Hg=
-32,-177,jDoQ3k1bZJgWy9Abqw/GU/Ch2Bc=,8oCvkbM3poiSp5eJAOiAG65D5Hg=
-17,-190,jDoQ3k1bZJgWy9Abqw/GU/Ch2Bc=,8oCvkbM3poiSp5eJAOiAG65D5Hg=
-20,-190,jDoQ3k1bZJgWy9Abqw/GU/Ch2Bc=,8oCvkbM3poiSp5eJAOiAG65D5Hg=
-28,-178,jDoQ3k1bZJgWy9Abqw/GU/Ch2Bc=,8oCvkbM3poiSp5eJAOiAG65D5Hg=
-24,-178,jDoQ3k1bZJgWy9Abqw/GU/Ch2Bc=,8oCvkbM3poiSp5eJAOiAG65D5Hg=
-25,-178,jDoQ3k1bZJgWy9Abqw/GU/Ch2Bc=,8oCvkbM3poiSp5eJAOiAG65D5Hg=
-29,-178,jDoQ3k1bZJgWy9Abqw/GU/Ch2Bc=,8oCvkbM3poiSp5eJAOiAG65D5Hg=
-26,-178,jDoQ3k1bZJgWy9Abqw/GU/Ch2Bc=,8oCvkbM3poiSp5eJAOiAG65D5Hg=
-32,-191,jDoQ3k1bZJgWy9Abqw/GU/Ch2Bc=,8oCvkbM3poiSp5eJAOiAG65D5Hg=
-17,-192,jDoQ3k1bZJgWy9Abqw/GU/Ch2Bc=,8oCvkbM3poiSp5eJAOiAG65D5Hg=
-19,-179,jDoQ3k1bZJgWy9Abqw/GU/Ch2Bc=,8oCvkbM3poiSp5eJAOiAG65D5Hg=
-31,-178,jDoQ3k1bZJgWy9Abqw/GU/Ch2Bc=,8oCvkbM3poiSp5eJAOiAG65D5Hg=
-18,-179,jDoQ3k1bZJgWy9Abqw/GU/Ch2Bc=,8oCvkbM3poiSp5eJAOiAG65D5Hg=
-32,-178,jDoQ3k1bZJgWy9Abqw/GU/Ch2Bc=,8oCvkbM3poiSp5eJAOiAG65D5Hg=
-27,-178,jDoQ3k1bZJgWy9Abqw/GU/Ch2Bc=,8oCvkbM3poiSp5eJAOiAG65D5Hg=
-22,-179,jDoQ3k1bZJgWy9Abqw/GU/Ch2Bc=,8oCvkbM3poiSp5eJAOiAG65D5Hg=
-21,-190,jDoQ3k1bZJgWy9Abqw/GU/Ch2Bc=,8oCvkbM3poiSp5eJAOiAG65D5Hg=
-20,-179,jDoQ3k1bZJgWy9Abqw/GU/Ch2Bc=,8oCvkbM3poiSp5eJAOiAG65D5Hg=
-24,-179,jDoQ3k1bZJgWy9Abqw/GU/Ch2Bc=,8oCvkbM3poiSp5eJAOiAG65D5Hg=
-30,-178,jDoQ3k1bZJgWy9Abqw/GU/Ch2Bc=,8oCvkbM3poiSp5eJAOiAG65D5Hg=
-23,-179,jDoQ3k1bZJgWy9Abqw/GU/Ch2Bc=,8oCvkbM3poiSp5eJAOiAG65D5Hg=
-21,-179,jDoQ3k1bZJgWy9Abqw/GU/Ch2Bc=,8oCvkbM3poiSp5eJAOiAG65D5Hg=
-32,-189,jDoQ3k1bZJgWy9Abqw/GU/Ch2Bc=,8oCvkbM3poiSp5eJAOiAG65D5Hg=
-26,-179,jDoQ3k1bZJgWy9Abqw/GU/Ch2Bc=,8oCvkbM3poiSp5eJAOiAG65D5Hg=
-17,-179,jDoQ3k1bZJgWy9Abqw/GU/Ch2Bc=,8oCvkbM3poiSp5eJAOiAG65D5Hg=
-28,-179,jDoQ3k1bZJgWy9Abqw/GU/Ch2Bc=,8oCvkbM3poiSp5eJAOiAG65D5Hg=
-27,-179,jDoQ3k1bZJgWy9Abqw/GU/Ch2Bc=,8oCvkbM3poiSp5eJAOiAG65D5Hg=
-25,-179,jDoQ3k1bZJgWy9Abqw/GU/Ch2Bc=,8oCvkbM3poiSp5eJAOiAG65D5Hg=
-29,-179,jDoQ3k1bZJgWy9Abqw/GU/Ch2Bc=,8oCvkbM3poiSp5eJAOiAG65D5Hg=
-31,-179,jDoQ3k1bZJgWy9Abqw/GU/Ch2Bc=,8oCvkbM3poiSp5eJAOiAG65D5Hg=
-20,-180,jDoQ3k1bZJgWy9Abqw/GU/Ch2Bc=,8oCvkbM3poiSp5eJAOiAG65D5Hg=
-31,-192,jDoQ3k1bZJgWy9Abqw/GU/Ch2Bc=,8oCvkbM3poiSp5eJAOiAG65D5Hg=
-32,-179,jDoQ3k1bZJgWy9Abqw/GU/Ch2Bc=,8oCvkbM3poiSp5eJAOiAG65D5Hg=
-30,-179,jDoQ3k1bZJgWy9Abqw/GU/Ch2Bc=,8oCvkbM3poiSp5eJAOiAG65D5Hg=
-18,-180,jDoQ3k1bZJgWy9Abqw/GU/Ch2Bc=,8oCvkbM3poiSp5eJAOiAG65D5Hg=
-17,-180,jDoQ3k1bZJgWy9Abqw/GU/Ch2Bc=,8oCvkbM3poiSp5eJAOiAG65D5Hg=
-22,-180,jDoQ3k1bZJgWy9Abqw/GU/Ch2Bc=,8oCvkbM3poiSp5eJAOiAG65D5Hg=
-22,-190,jDoQ3k1bZJgWy9Abqw/GU/Ch2Bc=,8oCvkbM3poiSp5eJAOiAG65D5Hg=
-23,-180,jDoQ3k1bZJgWy9Abqw/GU/Ch2Bc=,8oCvkbM3poiSp5eJAOiAG65D5Hg=
-18,-192,jDoQ3k1bZJgWy9Abqw/GU/Ch2Bc=,8oCvkbM3poiSp5eJAOiAG65D5Hg=
-21,-180,jDoQ3k1bZJgWy9Abqw/GU/Ch2Bc=,8oCvkbM3poiSp5eJAOiAG65D5Hg=
-19,-180,jDoQ3k1bZJgWy9Abqw/GU/Ch2Bc=,8oCvkbM3poiSp5eJAOiAG65D5Hg=
-24,-180,jDoQ3k1bZJgWy9Abqw/GU/Ch2Bc=,8oCvkbM3poiSp5eJAOiAG65D5Hg=
-31,-189,jDoQ3k1bZJgWy9Abqw/GU/Ch2Bc=,8oCvkbM3poiSp5eJAOiAG65D5Hg=
-26,-180,jDoQ3k1bZJgWy9Abqw/GU/Ch2Bc=,8oCvkbM3poiSp5eJAOiAG65D5Hg=
-25,-180,jDoQ3k1bZJgWy9Abqw/GU/Ch2Bc=,8oCvkbM3poiSp5eJAOiAG65D5Hg=
-27,-180,jDoQ3k1bZJgWy9Abqw/GU/Ch2Bc=,8oCvkbM3poiSp5eJAOiAG65D5Hg=
-31,-180,jDoQ3k1bZJgWy9Abqw/GU/Ch2Bc=,8oCvkbM3poiSp5eJAOiAG65D5Hg=
-28,-180,jDoQ3k1bZJgWy9Abqw/GU/Ch2Bc=,8oCvkbM3poiSp5eJAOiAG65D5Hg=
-18,-181,jDoQ3k1bZJgWy9Abqw/GU/Ch2Bc=,8oCvkbM3poiSp5eJAOiAG65D5Hg=
-17,-181,jDoQ3k1bZJgWy9Abqw/GU/Ch2Bc=,8oCvkbM3poiSp5eJAOiAG65D5Hg=
-30,-180,jDoQ3k1bZJgWy9Abqw/GU/Ch2Bc=,8oCvkbM3poiSp5eJAOiAG65D5Hg=
-29,-180,jDoQ3k1bZJgWy9Abqw/GU/Ch2Bc=,8oCvkbM3poiSp5eJAOiAG65D5Hg=
-30,-189,jDoQ3k1bZJgWy9Abqw/GU/Ch2Bc=,8oCvkbM3poiSp5eJAOiAG65D5Hg=
-21,-181,jDoQ3k1bZJgWy9Abqw/GU/Ch2Bc=,8oCvkbM3poiSp5eJAOiAG65D5Hg=
-32,-180,jDoQ3k1bZJgWy9Abqw/GU/Ch2Bc=,8oCvkbM3poiSp5eJAOiAG65D5Hg=
-23,-181,jDoQ3k1bZJgWy9Abqw/GU/Ch2Bc=,8oCvkbM3poiSp5eJAOiAG65D5Hg=
-22,-181,jDoQ3k1bZJgWy9Abqw/GU/Ch2Bc=,8oCvkbM3poiSp5eJAOiAG65D5Hg=
-24,-181,jDoQ3k1bZJgWy9Abqw/GU/Ch2Bc=,8oCvkbM3poiSp5eJAOiAG65D5Hg=
-19,-192,jDoQ3k1bZJgWy9Abqw/GU/Ch2Bc=,8oCvkbM3poiSp5eJAOiAG65D5Hg=
-23,-190,jDoQ3k1bZJgWy9Abqw/GU/Ch2Bc=,8oCvkbM3poiSp5eJAOiAG65D5Hg=
-19,-181,jDoQ3k1bZJgWy9Abqw/GU/Ch2Bc=,8oCvkbM3poiSp5eJAOiAG65D5Hg=
-20,-181,jDoQ3k1bZJgWy9Abqw/GU/Ch2Bc=,8oCvkbM3poiSp5eJAOiAG65D5Hg=
-25,-181,jDoQ3k1bZJgWy9Abqw/GU/Ch2Bc=,8oCvkbM3poiSp5eJAOiAG65D5Hg=
-18,-182,jDoQ3k1bZJgWy9Abqw/GU/Ch2Bc=,8oCvkbM3poiSp5eJAOiAG65D5Hg=
-32,-181,jDoQ3k1bZJgWy9Abqw/GU/Ch2Bc=,8oCvkbM3poiSp5eJAOiAG65D5Hg=
-28,-181,jDoQ3k1bZJgWy9Abqw/GU/Ch2Bc=,8oCvkbM3poiSp5eJAOiAG65D5Hg=
-29,-181,jDoQ3k1bZJgWy9Abqw/GU/Ch2Bc=,8oCvkbM3poiSp5eJAOiAG65D5Hg=
-20,-192,jDoQ3k1bZJgWy9Abqw/GU/Ch2Bc=,8oCvkbM3poiSp5eJAOiAG65D5Hg=
-20,-182,jDoQ3k1bZJgWy9Abqw/GU/Ch2Bc=,8oCvkbM3poiSp5eJAOiAG65D5Hg=
-26,-181,jDoQ3k1bZJgWy9Abqw/GU/Ch2Bc=,8oCvkbM3poiSp5eJAOiAG65D5Hg=
-27,-181,jDoQ3k1bZJgWy9Abqw/GU/Ch2Bc=,8oCvkbM3poiSp5eJAOiAG65D5Hg=
-19,-182,jDoQ3k1bZJgWy9Abqw/GU/Ch2Bc=,8oCvkbM3poiSp5eJAOiAG65D5Hg=
-31,-181,jDoQ3k1bZJgWy9Abqw/GU/Ch2Bc=,8oCvkbM3poiSp5eJAOiAG65D5Hg=
-30,-181,jDoQ3k1bZJgWy9Abqw/GU/Ch2Bc=,8oCvkbM3poiSp5eJAOiAG65D5Hg=
-17,-182,jDoQ3k1bZJgWy9Abqw/GU/Ch2Bc=,8oCvkbM3poiSp5eJAOiAG65D5Hg=
-23,-182,jDoQ3k1bZJgWy9Abqw/GU/Ch2Bc=,8oCvkbM3poiSp5eJAOiAG65D5Hg=
-21,-182,jDoQ3k1bZJgWy9Abqw/GU/Ch2Bc=,8oCvkbM3poiSp5eJAOiAG65D5Hg=
-24,-182,jDoQ3k1bZJgWy9Abqw/GU/Ch2Bc=,8oCvkbM3poiSp5eJAOiAG65D5Hg=
-22,-182,jDoQ3k1bZJgWy9Abqw/GU/Ch2Bc=,8oCvkbM3poiSp5eJAOiAG65D5Hg=
-29,-182,jDoQ3k1bZJgWy9Abqw/GU/Ch2Bc=,8oCvkbM3poiSp5eJAOiAG65D5Hg=
-29,-189,jDoQ3k1bZJgWy9Abqw/GU/Ch2Bc=,8oCvkbM3poiSp5eJAOiAG65D5Hg=
-26,-182,jDoQ3k1bZJgWy9Abqw/GU/Ch2Bc=,8oCvkbM3poiSp5eJAOiAG65D5Hg=
-25,-182,jDoQ3k1bZJgWy9Abqw/GU/Ch2Bc=,8oCvkbM3poiSp5eJAOiAG65D5Hg=
-28,-182,jDoQ3k1bZJgWy9Abqw/GU/Ch2Bc=,8oCvkbM3poiSp5eJAOiAG65D5Hg=
-17,-183,jDoQ3k1bZJgWy9Abqw/GU/Ch2Bc=,8oCvkbM3poiSp5eJAOiAG65D5Hg=
-31,-182,jDoQ3k1bZJgWy9Abqw/GU/Ch2Bc=,8oCvkbM3poiSp5eJAOiAG65D5Hg=
-24,-190,jDoQ3k1bZJgWy9Abqw/GU/Ch2Bc=,8oCvkbM3poiSp5eJAOiAG65D5Hg=
-27,-182,jDoQ3k1bZJgWy9Abqw/GU/Ch2Bc=,8oCvkbM3poiSp5eJAOiAG65D5Hg=
-19,-183,jDoQ3k1bZJgWy9Abqw/GU/Ch2Bc=,8oCvkbM3poiSp5eJAOiAG65D5Hg=
-21,-192,jDoQ3k1bZJgWy9Abqw/GU/Ch2Bc=,8oCvkbM3poiSp5eJAOiAG65D5Hg=
-30,-182,jDoQ3k1bZJgWy9Abqw/GU/Ch2Bc=,8oCvkbM3poiSp5eJAOiAG65D5Hg=
-28,-189,jDoQ3k1bZJgWy9Abqw/GU/Ch2Bc=,8oCvkbM3poiSp5eJAOiAG65D5Hg=
-20,-183,jDoQ3k1bZJgWy9Abqw/GU/Ch2Bc=,8oCvkbM3poiSp5eJAOiAG65D5Hg=
-18,-183,jDoQ3k1bZJgWy9Abqw/GU/Ch2Bc=,8oCvkbM3poiSp5eJAOiAG65D5Hg=
-32,-182,jDoQ3k1bZJgWy9Abqw/GU/Ch2Bc=,8oCvkbM3poiSp5eJAOiAG65D5Hg=
-25,-190,jDoQ3k1bZJgWy9Abqw/GU/Ch2Bc=,8oCvkbM3poiSp5eJAOiAG65D5Hg=
-22,-183,jDoQ3k1bZJgWy9Abqw/GU/Ch2Bc=,8oCvkbM3poiSp5eJAOiAG65D5Hg=
-31,-183,jDoQ3k1bZJgWy9Abqw/GU/Ch2Bc=,8oCvkbM3poiSp5eJAOiAG65D5Hg=
-25,-183,jDoQ3k1bZJgWy9Abqw/GU/Ch2Bc=,8oCvkbM3poiSp5eJAOiAG65D5Hg=
-21,-183,jDoQ3k1bZJgWy9Abqw/GU/Ch2Bc=,8oCvkbM3poiSp5eJAOiAG65D5Hg=
-23,-183,jDoQ3k1bZJgWy9Abqw/GU/Ch2Bc=,8oCvkbM3poiSp5eJAOiAG65D5Hg=
-30,-183,jDoQ3k1bZJgWy9Abqw/GU/Ch2Bc=,8oCvkbM3poiSp5eJAOiAG65D5Hg=
-29,-183,jDoQ3k1bZJgWy9Abqw/GU/Ch2Bc=,8oCvkbM3poiSp5eJAOiAG65D5Hg=
-24,-183,jDoQ3k1bZJgWy9Abqw/GU/Ch2Bc=,8oCvkbM3poiSp5eJAOiAG65D5Hg=
-27,-183,jDoQ3k1bZJgWy9Abqw/GU/Ch2Bc=,8oCvkbM3poiSp5eJAOiAG65D5Hg=
-18,-184,jDoQ3k1bZJgWy9Abqw/GU/Ch2Bc=,8oCvkbM3poiSp5eJAOiAG65D5Hg=
-28,-183,jDoQ3k1bZJgWy9Abqw/GU/Ch2Bc=,8oCvkbM3poiSp5eJAOiAG65D5Hg=
-32,-190,jDoQ3k1bZJgWy9Abqw/GU/Ch2Bc=,8oCvkbM3poiSp5eJAOiAG65D5Hg=
-17,-184,jDoQ3k1bZJgWy9Abqw/GU/Ch2Bc=,8oCvkbM3poiSp5eJAOiAG65D5Hg=
-26,-183,jDoQ3k1bZJgWy9Abqw/GU/Ch2Bc=,8oCvkbM3poiSp5eJAOiAG65D5Hg=
-20,-184,jDoQ3k1bZJgWy9Abqw/GU/Ch2Bc=,8oCvkbM3poiSp5eJAOiAG65D5Hg=
-23,-184,jDoQ3k1bZJgWy9Abqw/GU/Ch2Bc=,8oCvkbM3poiSp5eJAOiAG65D5Hg=
-22,-192,jDoQ3k1bZJgWy9Abqw/GU/Ch2Bc=,8oCvkbM3poiSp5eJAOiAG65D5Hg=
-24,-184,jDoQ3k1bZJgWy9Abqw/GU/Ch2Bc=,8oCvkbM3poiSp5eJAOiAG65D5Hg=
-32,-183,jDoQ3k1bZJgWy9Abqw/GU/Ch2Bc=,8oCvkbM3poiSp5eJAOiAG65D5Hg=
-19,-184,jDoQ3k1bZJgWy9Abqw/GU/Ch2Bc=,8oCvkbM3poiSp5eJAOiAG65D5Hg=
-21,-184,jDoQ3k1bZJgWy9Abqw/GU/Ch2Bc=,8oCvkbM3poiSp5eJAOiAG65D5Hg=
-26,-190,jDoQ3k1bZJgWy9Abqw/GU/Ch2Bc=,8oCvkbM3poiSp5eJAOiAG65D5Hg=
-22,-184,jDoQ3k1bZJgWy9Abqw/GU/Ch2Bc=,8oCvkbM3poiSp5eJAOiAG65D5Hg=
-28,-184,jDoQ3k1bZJgWy9Abqw/GU/Ch2Bc=,8oCvkbM3poiSp5eJAOiAG65D5Hg=
-27,-184,jDoQ3k1bZJgWy9Abqw/GU/Ch2Bc=,8oCvkbM3poiSp5eJAOiAG65D5Hg=
-31,-184,jDoQ3k1bZJgWy9Abqw/GU/Ch2Bc=,8oCvkbM3poiSp5eJAOiAG65D5Hg=
-25,-184,jDoQ3k1bZJgWy9Abqw/GU/Ch2Bc=,8oCvkbM3poiSp5eJAOiAG65D5Hg=
-32,-184,jDoQ3k1bZJgWy9Abqw/GU/Ch2Bc=,8oCvkbM3poiSp5eJAOiAG65D5Hg=
-19,-185,jDoQ3k1bZJgWy9Abqw/GU/Ch2Bc=,8oCvkbM3poiSp5eJAOiAG65D5Hg=
-29,-184,jDoQ3k1bZJgWy9Abqw/GU/Ch2Bc=,8oCvkbM3poiSp5eJAOiAG65D5Hg=
-20,-185,jDoQ3k1bZJgWy9Abqw/GU/Ch2Bc=,8oCvkbM3poiSp5eJAOiAG65D5Hg=
-17,-185,jDoQ3k1bZJgWy9Abqw/GU/Ch2Bc=,8oCvkbM3poiSp5eJAOiAG65D5Hg=
-28,-192,jDoQ3k1bZJgWy9Abqw/GU/Ch2Bc=,8oCvkbM3poiSp5eJAOiAG65D5Hg=
-21,-185,jDoQ3k1bZJgWy9Abqw/GU/Ch2Bc=,8oCvkbM3poiSp5eJAOiAG65D5Hg=
-30,-184,jDoQ3k1bZJgWy9Abqw/GU/Ch2Bc=,8oCvkbM3poiSp5eJAOiAG65D5Hg=
-26,-184,jDoQ3k1bZJgWy9Abqw/GU/Ch2Bc=,8oCvkbM3poiSp5eJAOiAG65D5Hg=
-24,-185,jDoQ3k1bZJgWy9Abqw/GU/Ch2Bc=,8oCvkbM3poiSp5eJAOiAG65D5Hg=
-23,-185,jDoQ3k1bZJgWy9Abqw/GU/Ch2Bc=,8oCvkbM3poiSp5eJAOiAG65D5Hg=
-25,-185,jDoQ3k1bZJgWy9Abqw/GU/Ch2Bc=,8oCvkbM3poiSp5eJAOiAG65D5Hg=
-23,-192,jDoQ3k1bZJgWy9Abqw/GU/Ch2Bc=,8oCvkbM3poiSp5eJAOiAG65D5Hg=
-18,-185,jDoQ3k1bZJgWy9Abqw/GU/Ch2Bc=,8oCvkbM3poiSp5eJAOiAG65D5Hg=
-27,-190,jDoQ3k1bZJgWy9Abqw/GU/Ch2Bc=,8oCvkbM3poiSp5eJAOiAG65D5Hg=
-22,-185,jDoQ3k1bZJgWy9Abqw/GU/Ch2Bc=,8oCvkbM3poiSp5eJAOiAG65D5Hg=
-26,-185,jDoQ3k1bZJgWy9Abqw/GU/Ch2Bc=,8oCvkbM3poiSp5eJAOiAG65D5Hg=
-32,-185,jDoQ3k1bZJgWy9Abqw/GU/Ch2Bc=,8oCvkbM3poiSp5eJAOiAG65D5Hg=
-29,-185,jDoQ3k1bZJgWy9Abqw/GU/Ch2Bc=,8oCvkbM3poiSp5eJAOiAG65D5Hg=
-30,-185,jDoQ3k1bZJgWy9Abqw/GU/Ch2Bc=,8oCvkbM3poiSp5eJAOiAG65D5Hg=
-31,-185,jDoQ3k1bZJgWy9Abqw/GU/Ch2Bc=,8oCvkbM3poiSp5eJAOiAG65D5Hg=
-31,-186,jDoQ3k1bZJgWy9Abqw/GU/Ch2Bc=,8oCvkbM3poiSp5eJAOiAG65D5Hg=
-27,-185,jDoQ3k1bZJgWy9Abqw/GU/Ch2Bc=,8oCvkbM3poiSp5eJAOiAG65D5Hg=
-20,-186,jDoQ3k1bZJgWy9Abqw/GU/Ch2Bc=,8oCvkbM3poiSp5eJAOiAG65D5Hg=
-26,-186,jDoQ3k1bZJgWy9Abqw/GU/Ch2Bc=,8oCvkbM3poiSp5eJAOiAG65D5Hg=
-28,-185,jDoQ3k1bZJgWy9Abqw/GU/Ch2Bc=,8oCvkbM3poiSp5eJAOiAG65D5Hg=
-21,-186,jDoQ3k1bZJgWy9Abqw/GU/Ch2Bc=,8oCvkbM3poiSp5eJAOiAG65D5Hg=
-28,-186,jDoQ3k1bZJgWy9Abqw/GU/Ch2Bc=,8oCvkbM3poiSp5eJAOiAG65D5Hg=
-17,-186,jDoQ3k1bZJgWy9Abqw/GU/Ch2Bc=,8oCvkbM3poiSp5eJAOiAG65D5Hg=
-19,-186,jDoQ3k1bZJgWy9Abqw/GU/Ch2Bc=,8oCvkbM3poiSp5eJAOiAG65D5Hg=
-17,-187,jDoQ3k1bZJgWy9Abqw/GU/Ch2Bc=,8oCvkbM3poiSp5eJAOiAG65D5Hg=
-29,-186,jDoQ3k1bZJgWy9Abqw/GU/Ch2Bc=,8oCvkbM3poiSp5eJAOiAG65D5Hg=
-28,-190,jDoQ3k1bZJgWy9Abqw/GU/Ch2Bc=,8oCvkbM3poiSp5eJAOiAG65D5Hg=
-18,-187,jDoQ3k1bZJgWy9Abqw/GU/Ch2Bc=,8oCvkbM3poiSp5eJAOiAG65D5Hg=
-32,-186,jDoQ3k1bZJgWy9Abqw/GU/Ch2Bc=,8oCvkbM3poiSp5eJAOiAG65D5Hg=
-18,-186,jDoQ3k1bZJgWy9Abqw/GU/Ch2Bc=,8oCvkbM3poiSp5eJAOiAG65D5Hg=
-27,-186,jDoQ3k1bZJgWy9Abqw/GU/Ch2Bc=,8oCvkbM3poiSp5eJAOiAG65D5Hg=
-23,-186,jDoQ3k1bZJgWy9Abqw/GU/Ch2Bc=,8oCvkbM3poiSp5eJAOiAG65D5Hg=
-22,-186,jDoQ3k1bZJgWy9Abqw/GU/Ch2Bc=,8oCvkbM3poiSp5eJAOiAG65D5Hg=
-25,-186,jDoQ3k1bZJgWy9Abqw/GU/Ch2Bc=,8oCvkbM3poiSp5eJAOiAG65D5Hg=
-24,-186,jDoQ3k1bZJgWy9Abqw/GU/Ch2Bc=,8oCvkbM3poiSp5eJAOiAG65D5Hg=
-30,-186,jDoQ3k1bZJgWy9Abqw/GU/Ch2Bc=,8oCvkbM3poiSp5eJAOiAG65D5Hg=
-24,-187,jDoQ3k1bZJgWy9Abqw/GU/Ch2Bc=,8oCvkbM3poiSp5eJAOiAG65D5Hg=
-27,-189,jDoQ3k1bZJgWy9Abqw/GU/Ch2Bc=,8oCvkbM3poiSp5eJAOiAG65D5Hg=
-19,-187,jDoQ3k1bZJgWy9Abqw/GU/Ch2Bc=,8oCvkbM3poiSp5eJAOiAG65D5Hg=
-24,-192,jDoQ3k1bZJgWy9Abqw/GU/Ch2Bc=,8oCvkbM3poiSp5eJAOiAG65D5Hg=
-29,-187,jDoQ3k1bZJgWy9Abqw/GU/Ch2Bc=,8oCvkbM3poiSp5eJAOiAG65D5Hg=
-21,-187,jDoQ3k1bZJgWy9Abqw/GU/Ch2Bc=,8oCvkbM3poiSp5eJAOiAG65D5Hg=
-20,-187,jDoQ3k1bZJgWy9Abqw/GU/Ch2Bc=,8oCvkbM3poiSp5eJAOiAG65D5Hg=
-26,-192,jDoQ3k1bZJgWy9Abqw/GU/Ch2Bc=,8oCvkbM3poiSp5eJAOiAG65D5Hg=
-18,-188,jDoQ3k1bZJgWy9Abqw/GU/Ch2Bc=,8oCvkbM3poiSp5eJAOiAG65D5Hg=
-31,-187,jDoQ3k1bZJgWy9Abqw/GU/Ch2Bc=,8oCvkbM3poiSp5eJAOiAG65D5Hg=
-26,-187,jDoQ3k1bZJgWy9Abqw/GU/Ch2Bc=,8oCvkbM3poiSp5eJAOiAG65D5Hg=
-25,-187,jDoQ3k1bZJgWy9Abqw/GU/Ch2Bc=,8oCvkbM3poiSp5eJAOiAG65D5Hg=
-22,-188,jDoQ3k1bZJgWy9Abqw/GU/Ch2Bc=,8oCvkbM3poiSp5eJAOiAG65D5Hg=
-29,-188,jDoQ3k1bZJgWy9Abqw/GU/Ch2Bc=,8oCvkbM3poiSp5eJAOiAG65D5Hg=
-32,-187,jDoQ3k1bZJgWy9Abqw/GU/Ch2Bc=,8oCvkbM3poiSp5eJAOiAG65D5Hg=
-23,-187,jDoQ3k1bZJgWy9Abqw/GU/Ch2Bc=,8oCvkbM3poiSp5eJAOiAG65D5Hg=
-25,-188,jDoQ3k1bZJgWy9Abqw/GU/Ch2Bc=,8oCvkbM3poiSp5eJAOiAG65D5Hg=
-28,-187,jDoQ3k1bZJgWy9Abqw/GU/Ch2Bc=,8oCvkbM3poiSp5eJAOiAG65D5Hg=
-25,-192,jDoQ3k1bZJgWy9Abqw/GU/Ch2Bc=,8oCvkbM3poiSp5eJAOiAG65D5Hg=
-27,-187,jDoQ3k1bZJgWy9Abqw/GU/Ch2Bc=,8oCvkbM3poiSp5eJAOiAG65D5Hg=
-28,-188,jDoQ3k1bZJgWy9Abqw/GU/Ch2Bc=,8oCvkbM3poiSp5eJAOiAG65D5Hg=
-19,-188,jDoQ3k1bZJgWy9Abqw/GU/Ch2Bc=,8oCvkbM3poiSp5eJAOiAG65D5Hg=
-27,-192,jDoQ3k1bZJgWy9Abqw/GU/Ch2Bc=,8oCvkbM3poiSp5eJAOiAG65D5Hg=
-24,-188,jDoQ3k1bZJgWy9Abqw/GU/Ch2Bc=,8oCvkbM3poiSp5eJAOiAG65D5Hg=
-32,-192,jDoQ3k1bZJgWy9Abqw/GU/Ch2Bc=,8oCvkbM3poiSp5eJAOiAG65D5Hg=
-30,-187,jDoQ3k1bZJgWy9Abqw/GU/Ch2Bc=,8oCvkbM3poiSp5eJAOiAG65D5Hg=
-21,-188,jDoQ3k1bZJgWy9Abqw/GU/Ch2Bc=,8oCvkbM3poiSp5eJAOiAG65D5Hg=
-22,-187,jDoQ3k1bZJgWy9Abqw/GU/Ch2Bc=,8oCvkbM3poiSp5eJAOiAG65D5Hg=
-17,-188,jDoQ3k1bZJgWy9Abqw/GU/Ch2Bc=,8oCvkbM3poiSp5eJAOiAG65D5Hg=
-32,-188,jDoQ3k1bZJgWy9Abqw/GU/Ch2Bc=,8oCvkbM3poiSp5eJAOiAG65D5Hg=
-29,-190,jDoQ3k1bZJgWy9Abqw/GU/Ch2Bc=,8oCvkbM3poiSp5eJAOiAG65D5Hg=
-20,-188,jDoQ3k1bZJgWy9Abqw/GU/Ch2Bc=,8oCvkbM3poiSp5eJAOiAG65D5Hg=
-26,-188,jDoQ3k1bZJgWy9Abqw/GU/Ch2Bc=,8oCvkbM3poiSp5eJAOiAG65D5Hg=
-23,-188,jDoQ3k1bZJgWy9Abqw/GU/Ch2Bc=,8oCvkbM3poiSp5eJAOiAG65D5Hg=
-27,-188,jDoQ3k1bZJgWy9Abqw/GU/Ch2Bc=,8oCvkbM3poiSp5eJAOiAG65D5Hg=
-30,-190,jDoQ3k1bZJgWy9Abqw/GU/Ch2Bc=,8oCvkbM3poiSp5eJAOiAG65D5Hg=
-31,-188,jDoQ3k1bZJgWy9Abqw/GU/Ch2Bc=,8oCvkbM3poiSp5eJAOiAG65D5Hg=
-17,-189,jDoQ3k1bZJgWy9Abqw/GU/Ch2Bc=,8oCvkbM3poiSp5eJAOiAG65D5Hg=
-30,-188,jDoQ3k1bZJgWy9Abqw/GU/Ch2Bc=,8oCvkbM3poiSp5eJAOiAG65D5Hg=
-18,-189,jDoQ3k1bZJgWy9Abqw/GU/Ch2Bc=,8oCvkbM3poiSp5eJAOiAG65D5Hg=
-22,-189,jDoQ3k1bZJgWy9Abqw/GU/Ch2Bc=,8oCvkbM3poiSp5eJAOiAG65D5Hg=
-19,-189,jDoQ3k1bZJgWy9Abqw/GU/Ch2Bc=,8oCvkbM3poiSp5eJAOiAG65D5Hg=
-31,-190,jDoQ3k1bZJgWy9Abqw/GU/Ch2Bc=,8oCvkbM3poiSp5eJAOiAG65D5Hg=
-20,-189,jDoQ3k1bZJgWy9Abqw/GU/Ch2Bc=,8oCvkbM3poiSp5eJAOiAG65D5Hg=
-23,-189,jDoQ3k1bZJgWy9Abqw/GU/Ch2Bc=,8oCvkbM3poiSp5eJAOiAG65D5Hg=
-26,-189,jDoQ3k1bZJgWy9Abqw/GU/Ch2Bc=,8oCvkbM3poiSp5eJAOiAG65D5Hg=
-25,-189,jDoQ3k1bZJgWy9Abqw/GU/Ch2Bc=,8oCvkbM3poiSp5eJAOiAG65D5Hg=
-21,-189,jDoQ3k1bZJgWy9Abqw/GU/Ch2Bc=,8oCvkbM3poiSp5eJAOiAG65D5Hg=
-24,-189,jDoQ3k1bZJgWy9Abqw/GU/Ch2Bc=,8oCvkbM3poiSp5eJAOiAG65D5Hg=
-24,-174,jDoQ3k1bZJgWy9Abqw/GU/Ch2Bc=,B7sgbg+4HV7UdvP9/cF5ihEFzHg=
-19,-174,KVYmJPgS9yGHM3iEhv47SkzILGE=,B7sgbg+4HV7UdvP9/cF5ihEFzHg=
-25,-174,KVYmJPgS9yGHM3iEhv47SkzILGE=,B7sgbg+4HV7UdvP9/cF5ihEFzHg=
-27,-174,KVYmJPgS9yGHM3iEhv47SkzILGE=,B7sgbg+4HV7UdvP9/cF5ihEFzHg=
-21,-174,KVYmJPgS9yGHM3iEhv47SkzILGE=,B7sgbg+4HV7UdvP9/cF5ihEFzHg=
-23,-174,jDoQ3k1bZJgWy9Abqw/GU/Ch2Bc=,B7sgbg+4HV7UdvP9/cF5ihEFzHg=
-17,-161,KVYmJPgS9yGHM3iEhv47SkzILGE=,B7sgbg+4HV7UdvP9/cF5ihEFzHg=
-29,-176,KVYmJPgS9yGHM3iEhv47SkzILGE=,B7sgbg+4HV7UdvP9/cF5ihEFzHg=
-29,-174,KVYmJPgS9yGHM3iEhv47SkzILGE=,B7sgbg+4HV7UdvP9/cF5ihEFzHg=
-20,-161,KVYmJPgS9yGHM3iEhv47SkzILGE=,B7sgbg+4HV7UdvP9/cF5ihEFzHg=
-26,-174,KVYmJPgS9yGHM3iEhv47SkzILGE=,B7sgbg+4HV7UdvP9/cF5ihEFzHg=
-22,-174,KVYmJPgS9yGHM3iEhv47SkzILGE=,B7sgbg+4HV7UdvP9/cF5ihEFzHg=
-17,-175,jDoQ3k1bZJgWy9Abqw/GU/Ch2Bc=,B7sgbg+4HV7UdvP9/cF5ihEFzHg=
-21,-173,KVYmJPgS9yGHM3iEhv47SkzILGE=,B7sgbg+4HV7UdvP9/cF5ihEFzHg=
-20,-174,KVYmJPgS9yGHM3iEhv47SkzILGE=,B7sgbg+4HV7UdvP9/cF5ihEFzHg=
-25,-161,KVYmJPgS9yGHM3iEhv47SkzILGE=,B7sgbg+4HV7UdvP9/cF5ihEFzHg=
-28,-174,KVYmJPgS9yGHM3iEhv47SkzILGE=,B7sgbg+4HV7UdvP9/cF5ihEFzHg=
-31,-174,KVYmJPgS9yGHM3iEhv47SkzILGE=,B7sgbg+4HV7UdvP9/cF5ihEFzHg=
-24,-161,KVYmJPgS9yGHM3iEhv47SkzILGE=,B7sgbg+4HV7UdvP9/cF5ihEFzHg=
-32,-174,jDoQ3k1bZJgWy9Abqw/GU/Ch2Bc=,B7sgbg+4HV7UdvP9/cF5ihEFzHg=
-30,-174,KVYmJPgS9yGHM3iEhv47SkzILGE=,B7sgbg+4HV7UdvP9/cF5ihEFzHg=
-19,-161,KVYmJPgS9yGHM3iEhv47SkzILGE=,B7sgbg+4HV7UdvP9/cF5ihEFzHg=
-26,-161,KVYmJPgS9yGHM3iEhv47SkzILGE=,B7sgbg+4HV7UdvP9/cF5ihEFzHg=
-21,-161,KVYmJPgS9yGHM3iEhv47SkzILGE=,B7sgbg+4HV7UdvP9/cF5ihEFzHg=
-28,-161,KVYmJPgS9yGHM3iEhv47SkzILGE=,B7sgbg+4HV7UdvP9/cF5ihEFzHg=
-23,-161,KVYmJPgS9yGHM3iEhv47SkzILGE=,B7sgbg+4HV7UdvP9/cF5ihEFzHg=
-18,-161,jDoQ3k1bZJgWy9Abqw/GU/Ch2Bc=,B7sgbg+4HV7UdvP9/cF5ihEFzHg=
-22,-161,KVYmJPgS9yGHM3iEhv47SkzILGE=,B7sgbg+4HV7UdvP9/cF5ihEFzHg=
-27,-161,KVYmJPgS9yGHM3iEhv47SkzILGE=,B7sgbg+4HV7UdvP9/cF5ihEFzHg=
-17,-162,KVYmJPgS9yGHM3iEhv47SkzILGE=,B7sgbg+4HV7UdvP9/cF5ihEFzHg=
-29,-161,KVYmJPgS9yGHM3iEhv47SkzILGE=,B7sgbg+4HV7UdvP9/cF5ihEFzHg=
-30,-176,KVYmJPgS9yGHM3iEhv47SkzILGE=,B7sgbg+4HV7UdvP9/cF5ihEFzHg=
-30,-161,KVYmJPgS9yGHM3iEhv47SkzILGE=,B7sgbg+4HV7UdvP9/cF5ihEFzHg=
-19,-163,KVYmJPgS9yGHM3iEhv47SkzILGE=,B7sgbg+4HV7UdvP9/cF5ihEFzHg=
-31,-161,KVYmJPgS9yGHM3iEhv47SkzILGE=,B7sgbg+4HV7UdvP9/cF5ihEFzHg=
-32,-161,KVYmJPgS9yGHM3iEhv47SkzILGE=,B7sgbg+4HV7UdvP9/cF5ihEFzHg=
-20,-173,KVYmJPgS9yGHM3iEhv47SkzILGE=,B7sgbg+4HV7UdvP9/cF5ihEFzHg=
-18,-163,KVYmJPgS9yGHM3iEhv47SkzILGE=,B7sgbg+4HV7UdvP9/cF5ihEFzHg=
-31,-176,KVYmJPgS9yGHM3iEhv47SkzILGE=,B7sgbg+4HV7UdvP9/cF5ihEFzHg=
-22,-162,KVYmJPgS9yGHM3iEhv47SkzILGE=,B7sgbg+4HV7UdvP9/cF5ihEFzHg=
-18,-175,KVYmJPgS9yGHM3iEhv47SkzILGE=,B7sgbg+4HV7UdvP9/cF5ihEFzHg=
-22,-173,KVYmJPgS9yGHM3iEhv47SkzILGE=,B7sgbg+4HV7UdvP9/cF5ihEFzHg=
-19,-162,KVYmJPgS9yGHM3iEhv47SkzILGE=,B7sgbg+4HV7UdvP9/cF5ihEFzHg=
-23,-162,KVYmJPgS9yGHM3iEhv47SkzILGE=,B7sgbg+4HV7UdvP9/cF5ihEFzHg=
-23,-173,KVYmJPgS9yGHM3iEhv47SkzILGE=,B7sgbg+4HV7UdvP9/cF5ihEFzHg=
-18,-162,KVYmJPgS9yGHM3iEhv47SkzILGE=,B7sgbg+4HV7UdvP9/cF5ihEFzHg=
-31,-175,KVYmJPgS9yGHM3iEhv47SkzILGE=,B7sgbg+4HV7UdvP9/cF5ihEFzHg=
-27,-162,KVYmJPgS9yGHM3iEhv47SkzILGE=,B7sgbg+4HV7UdvP9/cF5ihEFzHg=
-31,-162,KVYmJPgS9yGHM3iEhv47SkzILGE=,B7sgbg+4HV7UdvP9/cF5ihEFzHg=
-32,-162,KVYmJPgS9yGHM3iEhv47SkzILGE=,B7sgbg+4HV7UdvP9/cF5ihEFzHg=
-21,-162,KVYmJPgS9yGHM3iEhv47SkzILGE=,B7sgbg+4HV7UdvP9/cF5ihEFzHg=
-20,-162,KVYmJPgS9yGHM3iEhv47SkzILGE=,B7sgbg+4HV7UdvP9/cF5ihEFzHg=
-25,-162,KVYmJPgS9yGHM3iEhv47SkzILGE=,B7sgbg+4HV7UdvP9/cF5ihEFzHg=
-21,-163,KVYmJPgS9yGHM3iEhv47SkzILGE=,B7sgbg+4HV7UdvP9/cF5ihEFzHg=
-26,-162,KVYmJPgS9yGHM3iEhv47SkzILGE=,B7sgbg+4HV7UdvP9/cF5ihEFzHg=
-30,-162,KVYmJPgS9yGHM3iEhv47SkzILGE=,B7sgbg+4HV7UdvP9/cF5ihEFzHg=
-20,-163,KVYmJPgS9yGHM3iEhv47SkzILGE=,B7sgbg+4HV7UdvP9/cF5ihEFzHg=
-27,-163,KVYmJPgS9yGHM3iEhv47SkzILGE=,B7sgbg+4HV7UdvP9/cF5ihEFzHg=
-17,-163,KVYmJPgS9yGHM3iEhv47SkzILGE=,B7sgbg+4HV7UdvP9/cF5ihEFzHg=
-32,-175,KVYmJPgS9yGHM3iEhv47SkzILGE=,B7sgbg+4HV7UdvP9/cF5ihEFzHg=
-29,-163,KVYmJPgS9yGHM3iEhv47SkzILGE=,B7sgbg+4HV7UdvP9/cF5ihEFzHg=
-24,-162,KVYmJPgS9yGHM3iEhv47SkzILGE=,B7sgbg+4HV7UdvP9/cF5ihEFzHg=
-28,-162,KVYmJPgS9yGHM3iEhv47SkzILGE=,B7sgbg+4HV7UdvP9/cF5ihEFzHg=
-24,-163,KVYmJPgS9yGHM3iEhv47SkzILGE=,B7sgbg+4HV7UdvP9/cF5ihEFzHg=
-22,-163,KVYmJPgS9yGHM3iEhv47SkzILGE=,B7sgbg+4HV7UdvP9/cF5ihEFzHg=
-25,-163,KVYmJPgS9yGHM3iEhv47SkzILGE=,B7sgbg+4HV7UdvP9/cF5ihEFzHg=
-29,-162,KVYmJPgS9yGHM3iEhv47SkzILGE=,B7sgbg+4HV7UdvP9/cF5ihEFzHg=
-22,-164,KVYmJPgS9yGHM3iEhv47SkzILGE=,B7sgbg+4HV7UdvP9/cF5ihEFzHg=
-23,-163,KVYmJPgS9yGHM3iEhv47SkzILGE=,B7sgbg+4HV7UdvP9/cF5ihEFzHg=
-30,-163,KVYmJPgS9yGHM3iEhv47SkzILGE=,B7sgbg+4HV7UdvP9/cF5ihEFzHg=
-17,-176,KVYmJPgS9yGHM3iEhv47SkzILGE=,B7sgbg+4HV7UdvP9/cF5ihEFzHg=
-19,-175,KVYmJPgS9yGHM3iEhv47SkzILGE=,B7sgbg+4HV7UdvP9/cF5ihEFzHg=
-17,-164,KVYmJPgS9yGHM3iEhv47SkzILGE=,B7sgbg+4HV7UdvP9/cF5ihEFzHg=
-31,-163,KVYmJPgS9yGHM3iEhv47SkzILGE=,B7sgbg+4HV7UdvP9/cF5ihEFzHg=
-32,-163,KVYmJPgS9yGHM3iEhv47SkzILGE=,B7sgbg+4HV7UdvP9/cF5ihEFzHg=
-18,-174,KVYmJPgS9yGHM3iEhv47SkzILGE=,B7sgbg+4HV7UdvP9/cF5ihEFzHg=
-28,-163,KVYmJPgS9yGHM3iEhv47SkzILGE=,B7sgbg+4HV7UdvP9/cF5ihEFzHg=
-26,-163,KVYmJPgS9yGHM3iEhv47SkzILGE=,B7sgbg+4HV7UdvP9/cF5ihEFzHg=
-26,-164,KVYmJPgS9yGHM3iEhv47SkzILGE=,B7sgbg+4HV7UdvP9/cF5ihEFzHg=
-20,-164,KVYmJPgS9yGHM3iEhv47SkzILGE=,B7sgbg+4HV7UdvP9/cF5ihEFzHg=
-21,-164,KVYmJPgS9yGHM3iEhv47SkzILGE=,B7sgbg+4HV7UdvP9/cF5ihEFzHg=
-31,-164,KVYmJPgS9yGHM3iEhv47SkzILGE=,B7sgbg+4HV7UdvP9/cF5ihEFzHg=
-24,-164,KVYmJPgS9yGHM3iEhv47SkzILGE=,B7sgbg+4HV7UdvP9/cF5ihEFzHg=
-18,-164,KVYmJPgS9yGHM3iEhv47SkzILGE=,B7sgbg+4HV7UdvP9/cF5ihEFzHg=
-18,-176,KVYmJPgS9yGHM3iEhv47SkzILGE=,B7sgbg+4HV7UdvP9/cF5ihEFzHg=
-19,-164,KVYmJPgS9yGHM3iEhv47SkzILGE=,B7sgbg+4HV7UdvP9/cF5ihEFzHg=
-24,-173,KVYmJPgS9yGHM3iEhv47SkzILGE=,B7sgbg+4HV7UdvP9/cF5ihEFzHg=
-23,-164,KVYmJPgS9yGHM3iEhv47SkzILGE=,B7sgbg+4HV7UdvP9/cF5ihEFzHg=
-20,-175,KVYmJPgS9yGHM3iEhv47SkzILGE=,B7sgbg+4HV7UdvP9/cF5ihEFzHg=
-28,-164,KVYmJPgS9yGHM3iEhv47SkzILGE=,B7sgbg+4HV7UdvP9/cF5ihEFzHg=
-30,-164,KVYmJPgS9yGHM3iEhv47SkzILGE=,B7sgbg+4HV7UdvP9/cF5ihEFzHg=
-27,-164,KVYmJPgS9yGHM3iEhv47SkzILGE=,B7sgbg+4HV7UdvP9/cF5ihEFzHg=
-21,-175,KVYmJPgS9yGHM3iEhv47SkzILGE=,B7sgbg+4HV7UdvP9/cF5ihEFzHg=
-29,-164,KVYmJPgS9yGHM3iEhv47SkzILGE=,B7sgbg+4HV7UdvP9/cF5ihEFzHg=
-25,-164,KVYmJPgS9yGHM3iEhv47SkzILGE=,B7sgbg+4HV7UdvP9/cF5ihEFzHg=
-32,-164,KVYmJPgS9yGHM3iEhv47SkzILGE=,B7sgbg+4HV7UdvP9/cF5ihEFzHg=
-25,-173,KVYmJPgS9yGHM3iEhv47SkzILGE=,B7sgbg+4HV7UdvP9/cF5ihEFzHg=
-27,-176,KVYmJPgS9yGHM3iEhv47SkzILGE=,B7sgbg+4HV7UdvP9/cF5ihEFzHg=
-28,-176,KVYmJPgS9yGHM3iEhv47SkzILGE=,B7sgbg+4HV7UdvP9/cF5ihEFzHg=
-19,-173,KVYmJPgS9yGHM3iEhv47SkzILGE=,B7sgbg+4HV7UdvP9/cF5ihEFzHg=
-32,-172,KVYmJPgS9yGHM3iEhv47SkzILGE=,B7sgbg+4HV7UdvP9/cF5ihEFzHg=
-18,-173,KVYmJPgS9yGHM3iEhv47SkzILGE=,B7sgbg+4HV7UdvP9/cF5ihEFzHg=
-30,-175,KVYmJPgS9yGHM3iEhv47SkzILGE=,B7sgbg+4HV7UdvP9/cF5ihEFzHg=
-29,-172,KVYmJPgS9yGHM3iEhv47SkzILGE=,B7sgbg+4HV7UdvP9/cF5ihEFzHg=
-17,-173,KVYmJPgS9yGHM3iEhv47SkzILGE=,B7sgbg+4HV7UdvP9/cF5ihEFzHg=
-25,-172,KVYmJPgS9yGHM3iEhv47SkzILGE=,B7sgbg+4HV7UdvP9/cF5ihEFzHg=
-22,-172,KVYmJPgS9yGHM3iEhv47SkzILGE=,B7sgbg+4HV7UdvP9/cF5ihEFzHg=
-31,-172,KVYmJPgS9yGHM3iEhv47SkzILGE=,B7sgbg+4HV7UdvP9/cF5ihEFzHg=
-26,-172,KVYmJPgS9yGHM3iEhv47SkzILGE=,B7sgbg+4HV7UdvP9/cF5ihEFzHg=
-23,-172,KVYmJPgS9yGHM3iEhv47SkzILGE=,B7sgbg+4HV7UdvP9/cF5ihEFzHg=
-28,-172,KVYmJPgS9yGHM3iEhv47SkzILGE=,B7sgbg+4HV7UdvP9/cF5ihEFzHg=
-24,-172,KVYmJPgS9yGHM3iEhv47SkzILGE=,B7sgbg+4HV7UdvP9/cF5ihEFzHg=
-27,-172,KVYmJPgS9yGHM3iEhv47SkzILGE=,B7sgbg+4HV7UdvP9/cF5ihEFzHg=
-21,-172,KVYmJPgS9yGHM3iEhv47SkzILGE=,B7sgbg+4HV7UdvP9/cF5ihEFzHg=
-32,-171,KVYmJPgS9yGHM3iEhv47SkzILGE=,B7sgbg+4HV7UdvP9/cF5ihEFzHg=
-17,-172,KVYmJPgS9yGHM3iEhv47SkzILGE=,B7sgbg+4HV7UdvP9/cF5ihEFzHg=
-30,-172,KVYmJPgS9yGHM3iEhv47SkzILGE=,B7sgbg+4HV7UdvP9/cF5ihEFzHg=
-31,-171,KVYmJPgS9yGHM3iEhv47SkzILGE=,B7sgbg+4HV7UdvP9/cF5ihEFzHg=
-18,-172,KVYmJPgS9yGHM3iEhv47SkzILGE=,B7sgbg+4HV7UdvP9/cF5ihEFzHg=
-19,-172,KVYmJPgS9yGHM3iEhv47SkzILGE=,B7sgbg+4HV7UdvP9/cF5ihEFzHg=
-29,-175,KVYmJPgS9yGHM3iEhv47SkzILGE=,B7sgbg+4HV7UdvP9/cF5ihEFzHg=
-32,-176,KVYmJPgS9yGHM3iEhv47SkzILGE=,B7sgbg+4HV7UdvP9/cF5ihEFzHg=
-17,-174,KVYmJPgS9yGHM3iEhv47SkzILGE=,B7sgbg+4HV7UdvP9/cF5ihEFzHg=
-26,-176,KVYmJPgS9yGHM3iEhv47SkzILGE=,B7sgbg+4HV7UdvP9/cF5ihEFzHg=
-28,-175,KVYmJPgS9yGHM3iEhv47SkzILGE=,B7sgbg+4HV7UdvP9/cF5ihEFzHg=
-25,-176,KVYmJPgS9yGHM3iEhv47SkzILGE=,B7sgbg+4HV7UdvP9/cF5ihEFzHg=
-30,-171,KVYmJPgS9yGHM3iEhv47SkzILGE=,B7sgbg+4HV7UdvP9/cF5ihEFzHg=
-29,-171,KVYmJPgS9yGHM3iEhv47SkzILGE=,B7sgbg+4HV7UdvP9/cF5ihEFzHg=
-20,-172,KVYmJPgS9yGHM3iEhv47SkzILGE=,B7sgbg+4HV7UdvP9/cF5ihEFzHg=
-19,-171,KVYmJPgS9yGHM3iEhv47SkzILGE=,B7sgbg+4HV7UdvP9/cF5ihEFzHg=
-23,-171,KVYmJPgS9yGHM3iEhv47SkzILGE=,B7sgbg+4HV7UdvP9/cF5ihEFzHg=
-25,-171,KVYmJPgS9yGHM3iEhv47SkzILGE=,B7sgbg+4HV7UdvP9/cF5ihEFzHg=
-32,-173,KVYmJPgS9yGHM3iEhv47SkzILGE=,B7sgbg+4HV7UdvP9/cF5ihEFzHg=
-32,-170,KVYmJPgS9yGHM3iEhv47SkzILGE=,B7sgbg+4HV7UdvP9/cF5ihEFzHg=
-24,-171,KVYmJPgS9yGHM3iEhv47SkzILGE=,B7sgbg+4HV7UdvP9/cF5ihEFzHg=
-27,-171,KVYmJPgS9yGHM3iEhv47SkzILGE=,B7sgbg+4HV7UdvP9/cF5ihEFzHg=
-26,-171,KVYmJPgS9yGHM3iEhv47SkzILGE=,B7sgbg+4HV7UdvP9/cF5ihEFzHg=
-28,-171,KVYmJPgS9yGHM3iEhv47SkzILGE=,B7sgbg+4HV7UdvP9/cF5ihEFzHg=
-20,-171,KVYmJPgS9yGHM3iEhv47SkzILGE=,B7sgbg+4HV7UdvP9/cF5ihEFzHg=
-29,-170,KVYmJPgS9yGHM3iEhv47SkzILGE=,B7sgbg+4HV7UdvP9/cF5ihEFzHg=
-18,-171,KVYmJPgS9yGHM3iEhv47SkzILGE=,B7sgbg+4HV7UdvP9/cF5ihEFzHg=
-22,-171,KVYmJPgS9yGHM3iEhv47SkzILGE=,B7sgbg+4HV7UdvP9/cF5ihEFzHg=
-27,-175,KVYmJPgS9yGHM3iEhv47SkzILGE=,B7sgbg+4HV7UdvP9/cF5ihEFzHg=
-17,-171,KVYmJPgS9yGHM3iEhv47SkzILGE=,B7sgbg+4HV7UdvP9/cF5ihEFzHg=
-28,-170,KVYmJPgS9yGHM3iEhv47SkzILGE=,B7sgbg+4HV7UdvP9/cF5ihEFzHg=
-21,-171,KVYmJPgS9yGHM3iEhv47SkzILGE=,B7sgbg+4HV7UdvP9/cF5ihEFzHg=
-26,-170,KVYmJPgS9yGHM3iEhv47SkzILGE=,B7sgbg+4HV7UdvP9/cF5ihEFzHg=
-31,-170,KVYmJPgS9yGHM3iEhv47SkzILGE=,B7sgbg+4HV7UdvP9/cF5ihEFzHg=
-30,-170,KVYmJPgS9yGHM3iEhv47SkzILGE=,B7sgbg+4HV7UdvP9/cF5ihEFzHg=
-24,-176,KVYmJPgS9yGHM3iEhv47SkzILGE=,B7sgbg+4HV7UdvP9/cF5ihEFzHg=
-27,-170,KVYmJPgS9yGHM3iEhv47SkzILGE=,B7sgbg+4HV7UdvP9/cF5ihEFzHg=
-23,-170,KVYmJPgS9yGHM3iEhv47SkzILGE=,B7sgbg+4HV7UdvP9/cF5ihEFzHg=
-31,-173,KVYmJPgS9yGHM3iEhv47SkzILGE=,B7sgbg+4HV7UdvP9/cF5ihEFzHg=
-25,-170,KVYmJPgS9yGHM3iEhv47SkzILGE=,B7sgbg+4HV7UdvP9/cF5ihEFzHg=
-18,-170,KVYmJPgS9yGHM3iEhv47SkzILGE=,B7sgbg+4HV7UdvP9/cF5ihEFzHg=
-24,-170,KVYmJPgS9yGHM3iEhv47SkzILGE=,B7sgbg+4HV7UdvP9/cF5ihEFzHg=
-22,-170,KVYmJPgS9yGHM3iEhv47SkzILGE=,B7sgbg+4HV7UdvP9/cF5ihEFzHg=
-21,-170,KVYmJPgS9yGHM3iEhv47SkzILGE=,B7sgbg+4HV7UdvP9/cF5ihEFzHg=
-17,-170,KVYmJPgS9yGHM3iEhv47SkzILGE=,B7sgbg+4HV7UdvP9/cF5ihEFzHg=
-26,-175,KVYmJPgS9yGHM3iEhv47SkzILGE=,B7sgbg+4HV7UdvP9/cF5ihEFzHg=
-19,-170,KVYmJPgS9yGHM3iEhv47SkzILGE=,B7sgbg+4HV7UdvP9/cF5ihEFzHg=
-29,-169,KVYmJPgS9yGHM3iEhv47SkzILGE=,B7sgbg+4HV7UdvP9/cF5ihEFzHg=
-30,-169,KVYmJPgS9yGHM3iEhv47SkzILGE=,B7sgbg+4HV7UdvP9/cF5ihEFzHg=
-27,-169,KVYmJPgS9yGHM3iEhv47SkzILGE=,B7sgbg+4HV7UdvP9/cF5ihEFzHg=
-20,-170,KVYmJPgS9yGHM3iEhv47SkzILGE=,B7sgbg+4HV7UdvP9/cF5ihEFzHg=
-28,-169,KVYmJPgS9yGHM3iEhv47SkzILGE=,B7sgbg+4HV7UdvP9/cF5ihEFzHg=
-32,-169,KVYmJPgS9yGHM3iEhv47SkzILGE=,B7sgbg+4HV7UdvP9/cF5ihEFzHg=
-26,-169,KVYmJPgS9yGHM3iEhv47SkzILGE=,B7sgbg+4HV7UdvP9/cF5ihEFzHg=
-19,-169,KVYmJPgS9yGHM3iEhv47SkzILGE=,B7sgbg+4HV7UdvP9/cF5ihEFzHg=
-20,-169,KVYmJPgS9yGHM3iEhv47SkzILGE=,B7sgbg+4HV7UdvP9/cF5ihEFzHg=
-22,-169,KVYmJPgS9yGHM3iEhv47SkzILGE=,B7sgbg+4HV7UdvP9/cF5ihEFzHg=
-25,-175,KVYmJPgS9yGHM3iEhv47SkzILGE=,B7sgbg+4HV7UdvP9/cF5ihEFzHg=
-21,-169,KVYmJPgS9yGHM3iEhv47SkzILGE=,B7sgbg+4HV7UdvP9/cF5ihEFzHg=
-23,-169,KVYmJPgS9yGHM3iEhv47SkzILGE=,B7sgbg+4HV7UdvP9/cF5ihEFzHg=
-18,-169,KVYmJPgS9yGHM3iEhv47SkzILGE=,B7sgbg+4HV7UdvP9/cF5ihEFzHg=
-31,-169,KVYmJPgS9yGHM3iEhv47SkzILGE=,B7sgbg+4HV7UdvP9/cF5ihEFzHg=
-30,-173,KVYmJPgS9yGHM3iEhv47SkzILGE=,B7sgbg+4HV7UdvP9/cF5ihEFzHg=
-23,-176,KVYmJPgS9yGHM3iEhv47SkzILGE=,B7sgbg+4HV7UdvP9/cF5ihEFzHg=
-24,-169,KVYmJPgS9yGHM3iEhv47SkzILGE=,B7sgbg+4HV7UdvP9/cF5ihEFzHg=
-25,-169,KVYmJPgS9yGHM3iEhv47SkzILGE=,B7sgbg+4HV7UdvP9/cF5ihEFzHg=
-32,-168,KVYmJPgS9yGHM3iEhv47SkzILGE=,B7sgbg+4HV7UdvP9/cF5ihEFzHg=
-17,-169,KVYmJPgS9yGHM3iEhv47SkzILGE=,B7sgbg+4HV7UdvP9/cF5ihEFzHg=
-31,-168,KVYmJPgS9yGHM3iEhv47SkzILGE=,B7sgbg+4HV7UdvP9/cF5ihEFzHg=
-30,-168,KVYmJPgS9yGHM3iEhv47SkzILGE=,B7sgbg+4HV7UdvP9/cF5ihEFzHg=
-29,-168,KVYmJPgS9yGHM3iEhv47SkzILGE=,B7sgbg+4HV7UdvP9/cF5ihEFzHg=
-27,-168,KVYmJPgS9yGHM3iEhv47SkzILGE=,B7sgbg+4HV7UdvP9/cF5ihEFzHg=
-28,-168,KVYmJPgS9yGHM3iEhv47SkzILGE=,B7sgbg+4HV7UdvP9/cF5ihEFzHg=
-26,-168,KVYmJPgS9yGHM3iEhv47SkzILGE=,B7sgbg+4HV7UdvP9/cF5ihEFzHg=
-29,-173,KVYmJPgS9yGHM3iEhv47SkzILGE=,B7sgbg+4HV7UdvP9/cF5ihEFzHg=
-23,-168,KVYmJPgS9yGHM3iEhv47SkzILGE=,B7sgbg+4HV7UdvP9/cF5ihEFzHg=
-22,-176,KVYmJPgS9yGHM3iEhv47SkzILGE=,B7sgbg+4HV7UdvP9/cF5ihEFzHg=
-21,-168,KVYmJPgS9yGHM3iEhv47SkzILGE=,B7sgbg+4HV7UdvP9/cF5ihEFzHg=
-24,-168,KVYmJPgS9yGHM3iEhv47SkzILGE=,B7sgbg+4HV7UdvP9/cF5ihEFzHg=
-22,-168,KVYmJPgS9yGHM3iEhv47SkzILGE=,B7sgbg+4HV7UdvP9/cF5ihEFzHg=
-25,-168,KVYmJPgS9yGHM3iEhv47SkzILGE=,B7sgbg+4HV7UdvP9/cF5ihEFzHg=
-20,-168,KVYmJPgS9yGHM3iEhv47SkzILGE=,B7sgbg+4HV7UdvP9/cF5ihEFzHg=
-29,-167,KVYmJPgS9yGHM3iEhv47SkzILGE=,B7sgbg+4HV7UdvP9/cF5ihEFzHg=
-17,-168,KVYmJPgS9yGHM3iEhv47SkzILGE=,B7sgbg+4HV7UdvP9/cF5ihEFzHg=
-19,-168,KVYmJPgS9yGHM3iEhv47SkzILGE=,B7sgbg+4HV7UdvP9/cF5ihEFzHg=
-32,-167,KVYmJPgS9yGHM3iEhv47SkzILGE=,B7sgbg+4HV7UdvP9/cF5ihEFzHg=
-27,-167,KVYmJPgS9yGHM3iEhv47SkzILGE=,B7sgbg+4HV7UdvP9/cF5ihEFzHg=
-28,-173,KVYmJPgS9yGHM3iEhv47SkzILGE=,B7sgbg+4HV7UdvP9/cF5ihEFzHg=
-31,-167,KVYmJPgS9yGHM3iEhv47SkzILGE=,B7sgbg+4HV7UdvP9/cF5ihEFzHg=
-25,-167,KVYmJPgS9yGHM3iEhv47SkzILGE=,B7sgbg+4HV7UdvP9/cF5ihEFzHg=
-22,-167,KVYmJPgS9yGHM3iEhv47SkzILGE=,B7sgbg+4HV7UdvP9/cF5ihEFzHg=
-24,-175,KVYmJPgS9yGHM3iEhv47SkzILGE=,B7sgbg+4HV7UdvP9/cF5ihEFzHg=
-30,-167,KVYmJPgS9yGHM3iEhv47SkzILGE=,B7sgbg+4HV7UdvP9/cF5ihEFzHg=
-18,-168,KVYmJPgS9yGHM3iEhv47SkzILGE=,B7sgbg+4HV7UdvP9/cF5ihEFzHg=
-21,-176,KVYmJPgS9yGHM3iEhv47SkzILGE=,B7sgbg+4HV7UdvP9/cF5ihEFzHg=
-28,-167,KVYmJPgS9yGHM3iEhv47SkzILGE=,B7sgbg+4HV7UdvP9/cF5ihEFzHg=
-31,-166,KVYmJPgS9yGHM3iEhv47SkzILGE=,B7sgbg+4HV7UdvP9/cF5ihEFzHg=
-30,-166,KVYmJPgS9yGHM3iEhv47SkzILGE=,B7sgbg+4HV7UdvP9/cF5ihEFzHg=
-24,-167,KVYmJPgS9yGHM3iEhv47SkzILGE=,B7sgbg+4HV7UdvP9/cF5ihEFzHg=
-19,-167,KVYmJPgS9yGHM3iEhv47SkzILGE=,B7sgbg+4HV7UdvP9/cF5ihEFzHg=
-23,-175,KVYmJPgS9yGHM3iEhv47SkzILGE=,B7sgbg+4HV7UdvP9/cF5ihEFzHg=
-28,-166,KVYmJPgS9yGHM3iEhv47SkzILGE=,B7sgbg+4HV7UdvP9/cF5ihEFzHg=
-21,-167,KVYmJPgS9yGHM3iEhv47SkzILGE=,B7sgbg+4HV7UdvP9/cF5ihEFzHg=
-18,-167,KVYmJPgS9yGHM3iEhv47SkzILGE=,B7sgbg+4HV7UdvP9/cF5ihEFzHg=
-17,-167,KVYmJPgS9yGHM3iEhv47SkzILGE=,B7sgbg+4HV7UdvP9/cF5ihEFzHg=
-32,-166,KVYmJPgS9yGHM3iEhv47SkzILGE=,B7sgbg+4HV7UdvP9/cF5ihEFzHg=
-27,-166,KVYmJPgS9yGHM3iEhv47SkzILGE=,B7sgbg+4HV7UdvP9/cF5ihEFzHg=
-26,-167,KVYmJPgS9yGHM3iEhv47SkzILGE=,B7sgbg+4HV7UdvP9/cF5ihEFzHg=
-23,-167,KVYmJPgS9yGHM3iEhv47SkzILGE=,B7sgbg+4HV7UdvP9/cF5ihEFzHg=
-29,-166,KVYmJPgS9yGHM3iEhv47SkzILGE=,B7sgbg+4HV7UdvP9/cF5ihEFzHg=
-26,-166,KVYmJPgS9yGHM3iEhv47SkzILGE=,B7sgbg+4HV7UdvP9/cF5ihEFzHg=
-22,-166,KVYmJPgS9yGHM3iEhv47SkzILGE=,B7sgbg+4HV7UdvP9/cF5ihEFzHg=
-25,-166,KVYmJPgS9yGHM3iEhv47SkzILGE=,B7sgbg+4HV7UdvP9/cF5ihEFzHg=
-18,-166,KVYmJPgS9yGHM3iEhv47SkzILGE=,B7sgbg+4HV7UdvP9/cF5ihEFzHg=
-23,-166,KVYmJPgS9yGHM3iEhv47SkzILGE=,B7sgbg+4HV7UdvP9/cF5ihEFzHg=
-20,-167,KVYmJPgS9yGHM3iEhv47SkzILGE=,B7sgbg+4HV7UdvP9/cF5ihEFzHg=
-28,-165,KVYmJPgS9yGHM3iEhv47SkzILGE=,B7sgbg+4HV7UdvP9/cF5ihEFzHg=
-27,-173,KVYmJPgS9yGHM3iEhv47SkzILGE=,B7sgbg+4HV7UdvP9/cF5ihEFzHg=
-20,-176,KVYmJPgS9yGHM3iEhv47SkzILGE=,B7sgbg+4HV7UdvP9/cF5ihEFzHg=
-29,-165,KVYmJPgS9yGHM3iEhv47SkzILGE=,B7sgbg+4HV7UdvP9/cF5ihEFzHg=
-26,-173,KVYmJPgS9yGHM3iEhv47SkzILGE=,B7sgbg+4HV7UdvP9/cF5ihEFzHg=
-24,-166,KVYmJPgS9yGHM3iEhv47SkzILGE=,B7sgbg+4HV7UdvP9/cF5ihEFzHg=
-20,-166,KVYmJPgS9yGHM3iEhv47SkzILGE=,B7sgbg+4HV7UdvP9/cF5ihEFzHg=
-21,-166,KVYmJPgS9yGHM3iEhv47SkzILGE=,B7sgbg+4HV7UdvP9/cF5ihEFzHg=
-32,-165,KVYmJPgS9yGHM3iEhv47SkzILGE=,B7sgbg+4HV7UdvP9/cF5ihEFzHg=
-19,-166,KVYmJPgS9yGHM3iEhv47SkzILGE=,B7sgbg+4HV7UdvP9/cF5ihEFzHg=
-19,-176,KVYmJPgS9yGHM3iEhv47SkzILGE=,B7sgbg+4HV7UdvP9/cF5ihEFzHg=
-17,-166,KVYmJPgS9yGHM3iEhv47SkzILGE=,B7sgbg+4HV7UdvP9/cF5ihEFzHg=
-30,-165,KVYmJPgS9yGHM3iEhv47SkzILGE=,B7sgbg+4HV7UdvP9/cF5ihEFzHg=
-22,-175,KVYmJPgS9yGHM3iEhv47SkzILGE=,B7sgbg+4HV7UdvP9/cF5ihEFzHg=
-31,-165,KVYmJPgS9yGHM3iEhv47SkzILGE=,B7sgbg+4HV7UdvP9/cF5ihEFzHg=
-25,-165,KVYmJPgS9yGHM3iEhv47SkzILGE=,B7sgbg+4HV7UdvP9/cF5ihEFzHg=
-21,-165,KVYmJPgS9yGHM3iEhv47SkzILGE=,B7sgbg+4HV7UdvP9/cF5ihEFzHg=
-26,-165,KVYmJPgS9yGHM3iEhv47SkzILGE=,B7sgbg+4HV7UdvP9/cF5ihEFzHg=
-23,-165,KVYmJPgS9yGHM3iEhv47SkzILGE=,B7sgbg+4HV7UdvP9/cF5ihEFzHg=
-18,-165,KVYmJPgS9yGHM3iEhv47SkzILGE=,B7sgbg+4HV7UdvP9/cF5ihEFzHg=
-27,-165,KVYmJPgS9yGHM3iEhv47SkzILGE=,B7sgbg+4HV7UdvP9/cF5ihEFzHg=
-17,-165,KVYmJPgS9yGHM3iEhv47SkzILGE=,B7sgbg+4HV7UdvP9/cF5ihEFzHg=
-20,-165,KVYmJPgS9yGHM3iEhv47SkzILGE=,B7sgbg+4HV7UdvP9/cF5ihEFzHg=
-19,-165,KVYmJPgS9yGHM3iEhv47SkzILGE=,B7sgbg+4HV7UdvP9/cF5ihEFzHg=
-22,-165,KVYmJPgS9yGHM3iEhv47SkzILGE=,B7sgbg+4HV7UdvP9/cF5ihEFzHg=
-24,-165,KVYmJPgS9yGHM3iEhv47SkzILGE=,B7sgbg+4HV7UdvP9/cF5ihEFzHg=
