-34,127,KtVXVrIUm32Xgs8IIRhnVEK2YAs=,PYRbuMC419mSg0V2P2Ebj6Rs93M=
-42,127,KtVXVrIUm32Xgs8IIRhnVEK2YAs=,PYRbuMC419mSg0V2P2Ebj6Rs93M=
-40,127,KtVXVrIUm32Xgs8IIRhnVEK2YAs=,PYRbuMC419mSg0V2P2Ebj6Rs93M=
-35,127,KvzWe4zsLEfQvIxXKC39ItAD4nA=,PYRbuMC419mSg0V2P2Ebj6Rs93M=
-45,112,KvzWe4zsLEfQvIxXKC39ItAD4nA=,PYRbuMC419mSg0V2P2Ebj6Rs93M=
-37,127,KtVXVrIUm32Xgs8IIRhnVEK2YAs=,PYRbuMC419mSg0V2P2Ebj6Rs93M=
-35,114,KtVXVrIUm32Xgs8IIRhnVEK2YAs=,PYRbuMC419mSg0V2P2Ebj6Rs93M=
-33,127,KvzWe4zsLEfQvIxXKC39ItAD4nA=,PYRbuMC419mSg0V2P2Ebj6Rs93M=
-38,127,KtVXVrIUm32Xgs8IIRhnVEK2YAs=,PYRbuMC419mSg0V2P2Ebj6Rs93M=
-36,127,KtVXVrIUm32Xgs8IIRhnVEK2YAs=,PYRbuMC419mSg0V2P2Ebj6Rs93M=
-41,127,KtVXVrIUm32Xgs8IIRhnVEK2YAs=,PYRbuMC419mSg0V2P2Ebj6Rs93M=
-43,127,KvzWe4zsLEfQvIxXKC39ItAD4nA=,PYRbuMC419mSg0V2P2Ebj6Rs93M=
-34,114,KtVXVrIUm32Xgs8IIRhnVEK2YAs=,PYRbuMC419mSg0V2P2Ebj6Rs93M=
-39,127,KtVXVrIUm32Xgs8IIRhnVEK2YAs=,PYRbuMC419mSg0V2P2Ebj6Rs93M=
-45,127,KtVXVrIUm32Xgs8IIRhnVEK2YAs=,PYRbuMC419mSg0V2P2Ebj6Rs93M=
-46,127,KtVXVrIUm32Xgs8IIRhnVEK2YAs=,PYRbuMC419mSg0V2P2Ebj6Rs93M=
-44,127,KtVXVrIUm32Xgs8IIRhnVEK2YAs=,PYRbuMC419mSg0V2P2Ebj6Rs93M=
-33,113,KtVXVrIUm32Xgs8IIRhnVEK2YAs=,PYRbuMC419mSg0V2P2Ebj6Rs93M=
-47,127,KtVXVrIUm32Xgs8IIRhnVEK2YAs=,PYRbuMC419mSg0V2P2Ebj6Rs93M=
-34,113,KtVXVrIUm32Xgs8IIRhnVEK2YAs=,PYRbuMC419mSg0V2P2Ebj6Rs93M=
-36,113,KtVXVrIUm32Xgs8IIRhnVEK2YAs=,PYRbuMC419mSg0V2P2Ebj6Rs93M=
-41,113,KtVXVrIUm32Xgs8IIRhnVEK2YAs=,PYRbuMC419mSg0V2P2Ebj6Rs93M=
-47,113,KtVXVrIUm32Xgs8IIRhnVEK2YAs=,PYRbuMC419mSg0V2P2Ebj6Rs93M=
-40,113,KtVXVrIUm32Xgs8IIRhnVEK2YAs=,PYRbuMC419mSg0V2P2Ebj6Rs93M=
-37,113,KtVXVrIUm32Xgs8IIRhnVEK2YAs=,PYRbuMC419mSg0V2P2Ebj6Rs93M=
-35,113,KtVXVrIUm32Xgs8IIRhnVEK2YAs=,PYRbuMC419mSg0V2P2Ebj6Rs93M=
-38,113,KtVXVrIUm32Xgs8IIRhnVEK2YAs=,PYRbuMC419mSg0V2P2Ebj6Rs93M=
-42,113,KtVXVrIUm32Xgs8IIRhnVEK2YAs=,PYRbuMC419mSg0V2P2Ebj6Rs93M=
-39,113,KtVXVrIUm32Xgs8IIRhnVEK2YAs=,PYRbuMC419mSg0V2P2Ebj6Rs93M=
-43,113,KtVXVrIUm32Xgs8IIRhnVEK2YAs=,PYRbuMC419mSg0V2P2Ebj6Rs93M=
-44,113,KtVXVrIUm32Xgs8IIRhnVEK2YAs=,PYRbuMC419mSg0V2P2Ebj6Rs93M=
-33,114,KtVXVrIUm32Xgs8IIRhnVEK2YAs=,PYRbuMC419mSg0V2P2Ebj6Rs93M=
-45,113,KtVXVrIUm32Xgs8IIRhnVEK2YAs=,PYRbuMC419mSg0V2P2Ebj6Rs93M=
-48,127,KtVXVrIUm32Xgs8IIRhnVEK2YAs=,PYRbuMC419mSg0V2P2Ebj6Rs93M=
-33,126,KtVXVrIUm32Xgs8IIRhnVEK2YAs=,PYRbuMC419mSg0V2P2Ebj6Rs93M=
-36,114,KtVXVrIUm32Xgs8IIRhnVEK2YAs=,PYRbuMC419mSg0V2P2Ebj6Rs93M=
-46,113,KtVXVrIUm32Xgs8IIRhnVEK2YAs=,PYRbuMC419mSg0V2P2Ebj6Rs93M=
-46,112,KtVXVrIUm32Xgs8IIRhnVEK2YAs=,PYRbuMC419mSg0V2P2Ebj6Rs93M=
-34,126,KtVXVrIUm32Xgs8IIRhnVEK2YAs=,PYRbuMC419mSg0V2P2Ebj6Rs93M=
-35,126,KtVXVrIUm32Xgs8IIRhnVEK2YAs=,PYRbuMC419mSg0V2P2Ebj6Rs93M=
-36,126,KtVXVrIUm32Xgs8IIRhnVEK2YAs=,PYRbuMC419mSg0V2P2Ebj6Rs93M=
-42,126,KtVXVrIUm32Xgs8IIRhnVEK2YAs=,PYRbuMC419mSg0V2P2Ebj6Rs93M=
-39,126,KtVXVrIUm32Xgs8IIRhnVEK2YAs=,PYRbuMC419mSg0V2P2Ebj6Rs93M=
-37,126,KtVXVrIUm32Xgs8IIRhnVEK2YAs=,PYRbuMC419mSg0V2P2Ebj6Rs93M=
-41,126,KtVXVrIUm32Xgs8IIRhnVEK2YAs=,PYRbuMC419mSg0V2P2Ebj6Rs93M=
-40,126,KtVXVrIUm32Xgs8IIRhnVEK2YAs=,PYRbuMC419mSg0V2P2Ebj6Rs93M=
-38,126,KtVXVrIUm32Xgs8IIRhnVEK2YAs=,PYRbuMC419mSg0V2P2Ebj6Rs93M=
-43,126,KtVXVrIUm32Xgs8IIRhnVEK2YAs=,PYRbuMC419mSg0V2P2Ebj6Rs93M=
-44,126,KtVXVrIUm32Xgs8IIRhnVEK2YAs=,PYRbuMC419mSg0V2P2Ebj6Rs93M=
-45,126,KtVXVrIUm32Xgs8IIRhnVEK2YAs=,PYRbuMC419mSg0V2P2Ebj6Rs93M=
-47,126,KtVXVrIUm32Xgs8IIRhnVEK2YAs=,PYRbuMC419mSg0V2P2Ebj6Rs93M=
-48,113,KtVXVrIUm32Xgs8IIRhnVEK2YAs=,PYRbuMC419mSg0V2P2Ebj6Rs93M=
-33,125,KtVXVrIUm32Xgs8IIRhnVEK2YAs=,PYRbuMC419mSg0V2P2Ebj6Rs93M=
-48,115,KtVXVrIUm32Xgs8IIRhnVEK2YAs=,PYRbuMC419mSg0V2P2Ebj6Rs93M=
-37,114,KtVXVrIUm32Xgs8IIRhnVEK2YAs=,PYRbuMC419mSg0V2P2Ebj6Rs93M=
-46,126,KtVXVrIUm32Xgs8IIRhnVEK2YAs=,PYRbuMC419mSg0V2P2Ebj6Rs93M=
-33,112,KtVXVrIUm32Xgs8IIRhnVEK2YAs=,PYRbuMC419mSg0V2P2Ebj6Rs93M=
-36,125,KtVXVrIUm32Xgs8IIRhnVEK2YAs=,PYRbuMC419mSg0V2P2Ebj6Rs93M=
-35,125,KtVXVrIUm32Xgs8IIRhnVEK2YAs=,PYRbuMC419mSg0V2P2Ebj6Rs93M=
-48,126,KtVXVrIUm32Xgs8IIRhnVEK2YAs=,PYRbuMC419mSg0V2P2Ebj6Rs93M=
-34,125,KtVXVrIUm32Xgs8IIRhnVEK2YAs=,PYRbuMC419mSg0V2P2Ebj6Rs93M=
-44,125,KtVXVrIUm32Xgs8IIRhnVEK2YAs=,PYRbuMC419mSg0V2P2Ebj6Rs93M=
-48,125,KtVXVrIUm32Xgs8IIRhnVEK2YAs=,PYRbuMC419mSg0V2P2Ebj6Rs93M=
-43,125,KtVXVrIUm32Xgs8IIRhnVEK2YAs=,PYRbuMC419mSg0V2P2Ebj6Rs93M=
-39,125,KtVXVrIUm32Xgs8IIRhnVEK2YAs=,PYRbuMC419mSg0V2P2Ebj6Rs93M=
-47,125,KtVXVrIUm32Xgs8IIRhnVEK2YAs=,PYRbuMC419mSg0V2P2Ebj6Rs93M=
-41,125,KtVXVrIUm32Xgs8IIRhnVEK2YAs=,PYRbuMC419mSg0V2P2Ebj6Rs93M=
-47,112,KtVXVrIUm32Xgs8IIRhnVEK2YAs=,PYRbuMC419mSg0V2P2Ebj6Rs93M=
-46,125,KtVXVrIUm32Xgs8IIRhnVEK2YAs=,PYRbuMC419mSg0V2P2Ebj6Rs93M=
-37,125,KtVXVrIUm32Xgs8IIRhnVEK2YAs=,PYRbuMC419mSg0V2P2Ebj6Rs93M=
-38,125,KtVXVrIUm32Xgs8IIRhnVEK2YAs=,PYRbuMC419mSg0V2P2Ebj6Rs93M=
-42,125,KtVXVrIUm32Xgs8IIRhnVEK2YAs=,PYRbuMC419mSg0V2P2Ebj6Rs93M=
-40,125,KtVXVrIUm32Xgs8IIRhnVEK2YAs=,PYRbuMC419mSg0V2P2Ebj6Rs93M=
-45,125,KtVXVrIUm32Xgs8IIRhnVEK2YAs=,PYRbuMC419mSg0V2P2Ebj6Rs93M=
-33,124,KtVXVrIUm32Xgs8IIRhnVEK2YAs=,PYRbuMC419mSg0V2P2Ebj6Rs93M=
-34,124,KtVXVrIUm32Xgs8IIRhnVEK2YAs=,PYRbuMC419mSg0V2P2Ebj6Rs93M=
-38,124,KtVXVrIUm32Xgs8IIRhnVEK2YAs=,PYRbuMC419mSg0V2P2Ebj6Rs93M=
-38,114,KtVXVrIUm32Xgs8IIRhnVEK2YAs=,PYRbuMC419mSg0V2P2Ebj6Rs93M=
-36,124,KtVXVrIUm32Xgs8IIRhnVEK2YAs=,PYRbuMC419mSg0V2P2Ebj6Rs93M=
-35,124,KtVXVrIUm32Xgs8IIRhnVEK2YAs=,PYRbuMC419mSg0V2P2Ebj6Rs93M=
-47,124,KtVXVrIUm32Xgs8IIRhnVEK2YAs=,PYRbuMC419mSg0V2P2Ebj6Rs93M=
-37,124,KtVXVrIUm32Xgs8IIRhnVEK2YAs=,PYRbuMC419mSg0V2P2Ebj6Rs93M=
-34,112,KtVXVrIUm32Xgs8IIRhnVEK2YAs=,PYRbuMC419mSg0V2P2Ebj6Rs93M=
-39,124,KtVXVrIUm32Xgs8IIRhnVEK2YAs=,PYRbuMC419mSg0V2P2Ebj6Rs93M=
-41,124,KtVXVrIUm32Xgs8IIRhnVEK2YAs=,PYRbuMC419mSg0V2P2Ebj6Rs93M=
-43,124,KtVXVrIUm32Xgs8IIRhnVEK2YAs=,PYRbuMC419mSg0V2P2Ebj6Rs93M=
-33,123,KtVXVrIUm32Xgs8IIRhnVEK2YAs=,PYRbuMC419mSg0V2P2Ebj6Rs93M=
-35,123,KtVXVrIUm32Xgs8IIRhnVEK2YAs=,PYRbuMC419mSg0V2P2Ebj6Rs93M=
-46,124,KtVXVrIUm32Xgs8IIRhnVEK2YAs=,PYRbuMC419mSg0V2P2Ebj6Rs93M=
-40,124,KtVXVrIUm32Xgs8IIRhnVEK2YAs=,PYRbuMC419mSg0V2P2Ebj6Rs93M=
-33,122,KtVXVrIUm32Xgs8IIRhnVEK2YAs=,PYRbuMC419mSg0V2P2Ebj6Rs93M=
-37,123,KtVXVrIUm32Xgs8IIRhnVEK2YAs=,PYRbuMC419mSg0V2P2Ebj6Rs93M=
-35,112,KtVXVrIUm32Xgs8IIRhnVEK2YAs=,PYRbuMC419mSg0V2P2Ebj6Rs93M=
-42,123,KtVXVrIUm32Xgs8IIRhnVEK2YAs=,PYRbuMC419mSg0V2P2Ebj6Rs93M=
-45,123,KtVXVrIUm32Xgs8IIRhnVEK2YAs=,PYRbuMC419mSg0V2P2Ebj6Rs93M=
-42,124,KtVXVrIUm32Xgs8IIRhnVEK2YAs=,PYRbuMC419mSg0V2P2Ebj6Rs93M=
-45,124,KtVXVrIUm32Xgs8IIRhnVEK2YAs=,PYRbuMC419mSg0V2P2Ebj6Rs93M=
-44,124,KtVXVrIUm32Xgs8IIRhnVEK2YAs=,PYRbuMC419mSg0V2P2Ebj6Rs93M=
-34,123,KtVXVrIUm32Xgs8IIRhnVEK2YAs=,PYRbuMC419mSg0V2P2Ebj6Rs93M=
-44,123,KtVXVrIUm32Xgs8IIRhnVEK2YAs=,PYRbuMC419mSg0V2P2Ebj6Rs93M=
-39,123,KtVXVrIUm32Xgs8IIRhnVEK2YAs=,PYRbuMC419mSg0V2P2Ebj6Rs93M=
-43,123,KtVXVrIUm32Xgs8IIRhnVEK2YAs=,PYRbuMC419mSg0V2P2Ebj6Rs93M=
-47,115,KtVXVrIUm32Xgs8IIRhnVEK2YAs=,PYRbuMC419mSg0V2P2Ebj6Rs93M=
-36,123,KtVXVrIUm32Xgs8IIRhnVEK2YAs=,PYRbuMC419mSg0V2P2Ebj6Rs93M=
-48,124,KtVXVrIUm32Xgs8IIRhnVEK2YAs=,PYRbuMC419mSg0V2P2Ebj6Rs93M=
-41,123,KtVXVrIUm32Xgs8IIRhnVEK2YAs=,PYRbuMC419mSg0V2P2Ebj6Rs93M=
-38,123,KtVXVrIUm32Xgs8IIRhnVEK2YAs=,PYRbuMC419mSg0V2P2Ebj6Rs93M=
-48,123,KtVXVrIUm32Xgs8IIRhnVEK2YAs=,PYRbuMC419mSg0V2P2Ebj6Rs93M=
-46,123,KtVXVrIUm32Xgs8IIRhnVEK2YAs=,PYRbuMC419mSg0V2P2Ebj6Rs93M=
-39,114,KtVXVrIUm32Xgs8IIRhnVEK2YAs=,PYRbuMC419mSg0V2P2Ebj6Rs93M=
-35,122,KtVXVrIUm32Xgs8IIRhnVEK2YAs=,PYRbuMC419mSg0V2P2Ebj6Rs93M=
-34,122,KtVXVrIUm32Xgs8IIRhnVEK2YAs=,PYRbuMC419mSg0V2P2Ebj6Rs93M=
-47,123,KtVXVrIUm32Xgs8IIRhnVEK2YAs=,PYRbuMC419mSg0V2P2Ebj6Rs93M=
-40,122,KtVXVrIUm32Xgs8IIRhnVEK2YAs=,PYRbuMC419mSg0V2P2Ebj6Rs93M=
-39,122,KtVXVrIUm32Xgs8IIRhnVEK2YAs=,PYRbuMC419mSg0V2P2Ebj6Rs93M=
-36,122,KtVXVrIUm32Xgs8IIRhnVEK2YAs=,PYRbuMC419mSg0V2P2Ebj6Rs93M=
-40,123,KtVXVrIUm32Xgs8IIRhnVEK2YAs=,PYRbuMC419mSg0V2P2Ebj6Rs93M=
-40,114,KtVXVrIUm32Xgs8IIRhnVEK2YAs=,PYRbuMC419mSg0V2P2Ebj6Rs93M=
-38,122,KtVXVrIUm32Xgs8IIRhnVEK2YAs=,PYRbuMC419mSg0V2P2Ebj6Rs93M=
-42,122,KtVXVrIUm32Xgs8IIRhnVEK2YAs=,PYRbuMC419mSg0V2P2Ebj6Rs93M=
-37,122,KtVXVrIUm32Xgs8IIRhnVEK2YAs=,PYRbuMC419mSg0V2P2Ebj6Rs93M=
-44,122,KtVXVrIUm32Xgs8IIRhnVEK2YAs=,PYRbuMC419mSg0V2P2Ebj6Rs93M=
-47,122,KtVXVrIUm32Xgs8IIRhnVEK2YAs=,PYRbuMC419mSg0V2P2Ebj6Rs93M=
-41,122,KtVXVrIUm32Xgs8IIRhnVEK2YAs=,PYRbuMC419mSg0V2P2Ebj6Rs93M=
-33,121,KtVXVrIUm32Xgs8IIRhnVEK2YAs=,PYRbuMC419mSg0V2P2Ebj6Rs93M=
-36,112,KtVXVrIUm32Xgs8IIRhnVEK2YAs=,PYRbuMC419mSg0V2P2Ebj6Rs93M=
-36,121,KtVXVrIUm32Xgs8IIRhnVEK2YAs=,PYRbuMC419mSg0V2P2Ebj6Rs93M=
-46,122,KtVXVrIUm32Xgs8IIRhnVEK2YAs=,PYRbuMC419mSg0V2P2Ebj6Rs93M=
-45,122,KtVXVrIUm32Xgs8IIRhnVEK2YAs=,PYRbuMC419mSg0V2P2Ebj6Rs93M=
-43,122,KtVXVrIUm32Xgs8IIRhnVEK2YAs=,PYRbuMC419mSg0V2P2Ebj6Rs93M=
-48,122,KtVXVrIUm32Xgs8IIRhnVEK2YAs=,PYRbuMC419mSg0V2P2Ebj6Rs93M=
-37,121,KtVXVrIUm32Xgs8IIRhnVEK2YAs=,PYRbuMC419mSg0V2P2Ebj6Rs93M=
-41,114,KtVXVrIUm32Xgs8IIRhnVEK2YAs=,PYRbuMC419mSg0V2P2Ebj6Rs93M=
-39,121,KtVXVrIUm32Xgs8IIRhnVEK2YAs=,PYRbuMC419mSg0V2P2Ebj6Rs93M=
-34,121,KtVXVrIUm32Xgs8IIRhnVEK2YAs=,PYRbuMC419mSg0V2P2Ebj6Rs93M=
-46,115,KvzWe4zsLEfQvIxXKC39ItAD4nA=,PYRbuMC419mSg0V2P2Ebj6Rs93M=
-38,121,KtVXVrIUm32Xgs8IIRhnVEK2YAs=,PYRbuMC419mSg0V2P2Ebj6Rs93M=
-35,121,KtVXVrIUm32Xgs8IIRhnVEK2YAs=,PYRbuMC419mSg0V2P2Ebj6Rs93M=
-41,121,KtVXVrIUm32Xgs8IIRhnVEK2YAs=,PYRbuMC419mSg0V2P2Ebj6Rs93M=
-43,121,KtVXVrIUm32Xgs8IIRhnVEK2YAs=,PYRbuMC419mSg0V2P2Ebj6Rs93M=
-37,112,KtVXVrIUm32Xgs8IIRhnVEK2YAs=,PYRbuMC419mSg0V2P2Ebj6Rs93M=
-40,121,KtVXVrIUm32Xgs8IIRhnVEK2YAs=,PYRbuMC419mSg0V2P2Ebj6Rs93M=
-34,120,KtVXVrIUm32Xgs8IIRhnVEK2YAs=,PYRbuMC419mSg0V2P2Ebj6Rs93M=
-44,121,KtVXVrIUm32Xgs8IIRhnVEK2YAs=,PYRbuMC419mSg0V2P2Ebj6Rs93M=
-45,121,KtVXVrIUm32Xgs8IIRhnVEK2YAs=,PYRbuMC419mSg0V2P2Ebj6Rs93M=
-42,121,KtVXVrIUm32Xgs8IIRhnVEK2YAs=,PYRbuMC419mSg0V2P2Ebj6Rs93M=
-38,120,KtVXVrIUm32Xgs8IIRhnVEK2YAs=,PYRbuMC419mSg0V2P2Ebj6Rs93M=
-42,114,KvzWe4zsLEfQvIxXKC39ItAD4nA=,PYRbuMC419mSg0V2P2Ebj6Rs93M=
-43,120,KtVXVrIUm32Xgs8IIRhnVEK2YAs=,PYRbuMC419mSg0V2P2Ebj6Rs93M=
-47,121,KtVXVrIUm32Xgs8IIRhnVEK2YAs=,PYRbuMC419mSg0V2P2Ebj6Rs93M=
-33,120,KtVXVrIUm32Xgs8IIRhnVEK2YAs=,PYRbuMC419mSg0V2P2Ebj6Rs93M=
-48,121,KtVXVrIUm32Xgs8IIRhnVEK2YAs=,PYRbuMC419mSg0V2P2Ebj6Rs93M=
-46,121,KtVXVrIUm32Xgs8IIRhnVEK2YAs=,PYRbuMC419mSg0V2P2Ebj6Rs93M=
-37,120,KtVXVrIUm32Xgs8IIRhnVEK2YAs=,PYRbuMC419mSg0V2P2Ebj6Rs93M=
-36,120,KtVXVrIUm32Xgs8IIRhnVEK2YAs=,PYRbuMC419mSg0V2P2Ebj6Rs93M=
-34,119,KtVXVrIUm32Xgs8IIRhnVEK2YAs=,PYRbuMC419mSg0V2P2Ebj6Rs93M=
-41,120,KtVXVrIUm32Xgs8IIRhnVEK2YAs=,PYRbuMC419mSg0V2P2Ebj6Rs93M=
-47,120,KtVXVrIUm32Xgs8IIRhnVEK2YAs=,PYRbuMC419mSg0V2P2Ebj6Rs93M=
-42,120,KtVXVrIUm32Xgs8IIRhnVEK2YAs=,PYRbuMC419mSg0V2P2Ebj6Rs93M=
-38,112,KtVXVrIUm32Xgs8IIRhnVEK2YAs=,PYRbuMC419mSg0V2P2Ebj6Rs93M=
-35,120,KtVXVrIUm32Xgs8IIRhnVEK2YAs=,PYRbuMC419mSg0V2P2Ebj6Rs93M=
-45,120,KtVXVrIUm32Xgs8IIRhnVEK2YAs=,PYRbuMC419mSg0V2P2Ebj6Rs93M=
-44,120,KtVXVrIUm32Xgs8IIRhnVEK2YAs=,PYRbuMC419mSg0V2P2Ebj6Rs93M=
-48,120,KtVXVrIUm32Xgs8IIRhnVEK2YAs=,PYRbuMC419mSg0V2P2Ebj6Rs93M=
-40,120,KtVXVrIUm32Xgs8IIRhnVEK2YAs=,PYRbuMC419mSg0V2P2Ebj6Rs93M=
-33,119,KtVXVrIUm32Xgs8IIRhnVEK2YAs=,PYRbuMC419mSg0V2P2Ebj6Rs93M=
-39,120,KtVXVrIUm32Xgs8IIRhnVEK2YAs=,PYRbuMC419mSg0V2P2Ebj6Rs93M=
-46,120,KtVXVrIUm32Xgs8IIRhnVEK2YAs=,PYRbuMC419mSg0V2P2Ebj6Rs93M=
-45,115,KtVXVrIUm32Xgs8IIRhnVEK2YAs=,PYRbuMC419mSg0V2P2Ebj6Rs93M=
-36,119,KtVXVrIUm32Xgs8IIRhnVEK2YAs=,PYRbuMC419mSg0V2P2Ebj6Rs93M=
-37,119,KtVXVrIUm32Xgs8IIRhnVEK2YAs=,PYRbuMC419mSg0V2P2Ebj6Rs93M=
-38,119,KtVXVrIUm32Xgs8IIRhnVEK2YAs=,PYRbuMC419mSg0V2P2Ebj6Rs93M=
-41,119,KtVXVrIUm32Xgs8IIRhnVEK2YAs=,PYRbuMC419mSg0V2P2Ebj6Rs93M=
-35,119,KtVXVrIUm32Xgs8IIRhnVEK2YAs=,PYRbuMC419mSg0V2P2Ebj6Rs93M=
-40,119,KtVXVrIUm32Xgs8IIRhnVEK2YAs=,PYRbuMC419mSg0V2P2Ebj6Rs93M=
-46,119,KtVXVrIUm32Xgs8IIRhnVEK2YAs=,PYRbuMC419mSg0V2P2Ebj6Rs93M=
-39,119,KtVXVrIUm32Xgs8IIRhnVEK2YAs=,PYRbuMC419mSg0V2P2Ebj6Rs93M=
-39,112,KtVXVrIUm32Xgs8IIRhnVEK2YAs=,PYRbuMC419mSg0V2P2Ebj6Rs93M=
-45,119,KtVXVrIUm32Xgs8IIRhnVEK2YAs=,PYRbuMC419mSg0V2P2Ebj6Rs93M=
-43,114,KtVXVrIUm32Xgs8IIRhnVEK2YAs=,PYRbuMC419mSg0V2P2Ebj6Rs93M=
-44,119,KtVXVrIUm32Xgs8IIRhnVEK2YAs=,PYRbuMC419mSg0V2P2Ebj6Rs93M=
-47,119,KtVXVrIUm32Xgs8IIRhnVEK2YAs=,PYRbuMC419mSg0V2P2Ebj6Rs93M=
-48,119,KtVXVrIUm32Xgs8IIRhnVEK2YAs=,PYRbuMC419mSg0V2P2Ebj6Rs93M=
-42,119,KtVXVrIUm32Xgs8IIRhnVEK2YAs=,PYRbuMC419mSg0V2P2Ebj6Rs93M=
-33,118,KtVXVrIUm32Xgs8IIRhnVEK2YAs=,PYRbuMC419mSg0V2P2Ebj6Rs93M=
-43,119,KtVXVrIUm32Xgs8IIRhnVEK2YAs=,PYRbuMC419mSg0V2P2Ebj6Rs93M=
-34,118,KtVXVrIUm32Xgs8IIRhnVEK2YAs=,PYRbuMC419mSg0V2P2Ebj6Rs93M=
-44,115,KvzWe4zsLEfQvIxXKC39ItAD4nA=,PYRbuMC419mSg0V2P2Ebj6Rs93M=
-35,118,KtVXVrIUm32Xgs8IIRhnVEK2YAs=,PYRbuMC419mSg0V2P2Ebj6Rs93M=
-36,118,KtVXVrIUm32Xgs8IIRhnVEK2YAs=,PYRbuMC419mSg0V2P2Ebj6Rs93M=
-37,118,KtVXVrIUm32Xgs8IIRhnVEK2YAs=,PYRbuMC419mSg0V2P2Ebj6Rs93M=
-44,114,KtVXVrIUm32Xgs8IIRhnVEK2YAs=,PYRbuMC419mSg0V2P2Ebj6Rs93M=
-40,112,KtVXVrIUm32Xgs8IIRhnVEK2YAs=,PYRbuMC419mSg0V2P2Ebj6Rs93M=
-38,118,KtVXVrIUm32Xgs8IIRhnVEK2YAs=,PYRbuMC419mSg0V2P2Ebj6Rs93M=
-45,118,KtVXVrIUm32Xgs8IIRhnVEK2YAs=,PYRbuMC419mSg0V2P2Ebj6Rs93M=
-43,118,KtVXVrIUm32Xgs8IIRhnVEK2YAs=,PYRbuMC419mSg0V2P2Ebj6Rs93M=
-39,118,KtVXVrIUm32Xgs8IIRhnVEK2YAs=,PYRbuMC419mSg0V2P2Ebj6Rs93M=
-44,118,KtVXVrIUm32Xgs8IIRhnVEK2YAs=,PYRbuMC419mSg0V2P2Ebj6Rs93M=
-41,118,KtVXVrIUm32Xgs8IIRhnVEK2YAs=,PYRbuMC419mSg0V2P2Ebj6Rs93M=
-42,118,KtVXVrIUm32Xgs8IIRhnVEK2YAs=,PYRbuMC419mSg0V2P2Ebj6Rs93M=
-40,118,KtVXVrIUm32Xgs8IIRhnVEK2YAs=,PYRbuMC419mSg0V2P2Ebj6Rs93M=
-46,118,KtVXVrIUm32Xgs8IIRhnVEK2YAs=,PYRbuMC419mSg0V2P2Ebj6Rs93M=
-47,118,KtVXVrIUm32Xgs8IIRhnVEK2YAs=,PYRbuMC419mSg0V2P2Ebj6Rs93M=
-48,118,KtVXVrIUm32Xgs8IIRhnVEK2YAs=,PYRbuMC419mSg0V2P2Ebj6Rs93M=
-37,117,KtVXVrIUm32Xgs8IIRhnVEK2YAs=,PYRbuMC419mSg0V2P2Ebj6Rs93M=
-48,114,KtVXVrIUm32Xgs8IIRhnVEK2YAs=,PYRbuMC419mSg0V2P2Ebj6Rs93M=
-33,117,KtVXVrIUm32Xgs8IIRhnVEK2YAs=,PYRbuMC419mSg0V2P2Ebj6Rs93M=
-34,117,KtVXVrIUm32Xgs8IIRhnVEK2YAs=,PYRbuMC419mSg0V2P2Ebj6Rs93M=
-36,117,KtVXVrIUm32Xgs8IIRhnVEK2YAs=,PYRbuMC419mSg0V2P2Ebj6Rs93M=
-38,117,KtVXVrIUm32Xgs8IIRhnVEK2YAs=,PYRbuMC419mSg0V2P2Ebj6Rs93M=
-40,117,KtVXVrIUm32Xgs8IIRhnVEK2YAs=,PYRbuMC419mSg0V2P2Ebj6Rs93M=
-35,117,KtVXVrIUm32Xgs8IIRhnVEK2YAs=,PYRbuMC419mSg0V2P2Ebj6Rs93M=
-41,117,KtVXVrIUm32Xgs8IIRhnVEK2YAs=,PYRbuMC419mSg0V2P2Ebj6Rs93M=
-42,117,KtVXVrIUm32Xgs8IIRhnVEK2YAs=,PYRbuMC419mSg0V2P2Ebj6Rs93M=
-39,117,KtVXVrIUm32Xgs8IIRhnVEK2YAs=,PYRbuMC419mSg0V2P2Ebj6Rs93M=
-45,114,KtVXVrIUm32Xgs8IIRhnVEK2YAs=,PYRbuMC419mSg0V2P2Ebj6Rs93M=
-44,117,KtVXVrIUm32Xgs8IIRhnVEK2YAs=,PYRbuMC419mSg0V2P2Ebj6Rs93M=
-41,112,KtVXVrIUm32Xgs8IIRhnVEK2YAs=,PYRbuMC419mSg0V2P2Ebj6Rs93M=
-43,117,KtVXVrIUm32Xgs8IIRhnVEK2YAs=,PYRbuMC419mSg0V2P2Ebj6Rs93M=
-45,117,KtVXVrIUm32Xgs8IIRhnVEK2YAs=,PYRbuMC419mSg0V2P2Ebj6Rs93M=
-47,117,KtVXVrIUm32Xgs8IIRhnVEK2YAs=,PYRbuMC419mSg0V2P2Ebj6Rs93M=
-46,117,KtVXVrIUm32Xgs8IIRhnVEK2YAs=,PYRbuMC419mSg0V2P2Ebj6Rs93M=
-33,116,KtVXVrIUm32Xgs8IIRhnVEK2YAs=,PYRbuMC419mSg0V2P2Ebj6Rs93M=
-44,112,KtVXVrIUm32Xgs8IIRhnVEK2YAs=,PYRbuMC419mSg0V2P2Ebj6Rs93M=
-42,112,KtVXVrIUm32Xgs8IIRhnVEK2YAs=,PYRbuMC419mSg0V2P2Ebj6Rs93M=
-34,116,KtVXVrIUm32Xgs8IIRhnVEK2YAs=,PYRbuMC419mSg0V2P2Ebj6Rs93M=
-35,116,KtVXVrIUm32Xgs8IIRhnVEK2YAs=,PYRbuMC419mSg0V2P2Ebj6Rs93M=
-48,112,KtVXVrIUm32Xgs8IIRhnVEK2YAs=,PYRbuMC419mSg0V2P2Ebj6Rs93M=
-48,117,KtVXVrIUm32Xgs8IIRhnVEK2YAs=,PYRbuMC419mSg0V2P2Ebj6Rs93M=
-40,116,KtVXVrIUm32Xgs8IIRhnVEK2YAs=,PYRbuMC419mSg0V2P2Ebj6Rs93M=
-38,116,KtVXVrIUm32Xgs8IIRhnVEK2YAs=,PYRbuMC419mSg0V2P2Ebj6Rs93M=
-41,116,KtVXVrIUm32Xgs8IIRhnVEK2YAs=,PYRbuMC419mSg0V2P2Ebj6Rs93M=
-42,116,KtVXVrIUm32Xgs8IIRhnVEK2YAs=,PYRbuMC419mSg0V2P2Ebj6Rs93M=
-36,116,KtVXVrIUm32Xgs8IIRhnVEK2YAs=,PYRbuMC419mSg0V2P2Ebj6Rs93M=
-39,116,KtVXVrIUm32Xgs8IIRhnVEK2YAs=,PYRbuMC419mSg0V2P2Ebj6Rs93M=
-43,116,KtVXVrIUm32Xgs8IIRhnVEK2YAs=,PYRbuMC419mSg0V2P2Ebj6Rs93M=
-46,114,KtVXVrIUm32Xgs8IIRhnVEK2YAs=,PYRbuMC419mSg0V2P2Ebj6Rs93M=
-37,116,KtVXVrIUm32Xgs8IIRhnVEK2YAs=,PYRbuMC419mSg0V2P2Ebj6Rs93M=
-46,116,KtVXVrIUm32Xgs8IIRhnVEK2YAs=,PYRbuMC419mSg0V2P2Ebj6Rs93M=
-44,116,KtVXVrIUm32Xgs8IIRhnVEK2YAs=,PYRbuMC419mSg0V2P2Ebj6Rs93M=
-43,112,KtVXVrIUm32Xgs8IIRhnVEK2YAs=,PYRbuMC419mSg0V2P2Ebj6Rs93M=
-45,116,KtVXVrIUm32Xgs8IIRhnVEK2YAs=,PYRbuMC419mSg0V2P2Ebj6Rs93M=
-43,115,KvzWe4zsLEfQvIxXKC39ItAD4nA=,PYRbuMC419mSg0V2P2Ebj6Rs93M=
-33,115,KtVXVrIUm32Xgs8IIRhnVEK2YAs=,PYRbuMC419mSg0V2P2Ebj6Rs93M=
-47,116,KtVXVrIUm32Xgs8IIRhnVEK2YAs=,PYRbuMC419mSg0V2P2Ebj6Rs93M=
-48,116,KtVXVrIUm32Xgs8IIRhnVEK2YAs=,PYRbuMC419mSg0V2P2Ebj6Rs93M=
-35,115,KtVXVrIUm32Xgs8IIRhnVEK2YAs=,PYRbuMC419mSg0V2P2Ebj6Rs93M=
-34,115,KtVXVrIUm32Xgs8IIRhnVEK2YAs=,PYRbuMC419mSg0V2P2Ebj6Rs93M=
-41,115,KvzWe4zsLEfQvIxXKC39ItAD4nA=,PYRbuMC419mSg0V2P2Ebj6Rs93M=
-39,115,KtVXVrIUm32Xgs8IIRhnVEK2YAs=,PYRbuMC419mSg0V2P2Ebj6Rs93M=
-47,114,KtVXVrIUm32Xgs8IIRhnVEK2YAs=,PYRbuMC419mSg0V2P2Ebj6Rs93M=
-38,115,KtVXVrIUm32Xgs8IIRhnVEK2YAs=,PYRbuMC419mSg0V2P2Ebj6Rs93M=
-37,115,KtVXVrIUm32Xgs8IIRhnVEK2YAs=,PYRbuMC419mSg0V2P2Ebj6Rs93M=
-42,115,KvzWe4zsLEfQvIxXKC39ItAD4nA=,PYRbuMC419mSg0V2P2Ebj6Rs93M=
-40,115,KtVXVrIUm32Xgs8IIRhnVEK2YAs=,PYRbuMC419mSg0V2P2Ebj6Rs93M=
-36,115,KtVXVrIUm32Xgs8IIRhnVEK2YAs=,PYRbuMC419mSg0V2P2Ebj6Rs93M=
-33,97,Zw4h+em0v+xysrawpK7yOSa4eJA=,9aRyJSStWjuERzDpbLiPVY1tkNw=
-47,97,Zw4h+em0v+xysrawpK7yOSa4eJA=,9aRyJSStWjuERzDpbLiPVY1tkNw=
-47,111,Zw4h+em0v+xysrawpK7yOSa4eJA=,9aRyJSStWjuERzDpbLiPVY1tkNw=
-42,111,Zw4h+em0v+xysrawpK7yOSa4eJA=,9aRyJSStWjuERzDpbLiPVY1tkNw=
-36,97,Zw4h+em0v+xysrawpK7yOSa4eJA=,9aRyJSStWjuERzDpbLiPVY1tkNw=
-36,111,Zw4h+em0v+xysrawpK7yOSa4eJA=,9aRyJSStWjuERzDpbLiPVY1tkNw=
-38,111,Zw4h+em0v+xysrawpK7yOSa4eJA=,9aRyJSStWjuERzDpbLiPVY1tkNw=
-46,111,Zw4h+em0v+xysrawpK7yOSa4eJA=,9aRyJSStWjuERzDpbLiPVY1tkNw=
-42,97,Zw4h+em0v+xysrawpK7yOSa4eJA=,9aRyJSStWjuERzDpbLiPVY1tkNw=
-34,97,Zw4h+em0v+xysrawpK7yOSa4eJA=,9aRyJSStWjuERzDpbLiPVY1tkNw=
-40,97,Zw4h+em0v+xysrawpK7yOSa4eJA=,9aRyJSStWjuERzDpbLiPVY1tkNw=
-38,97,Zw4h+em0v+xysrawpK7yOSa4eJA=,9aRyJSStWjuERzDpbLiPVY1tkNw=
-35,111,Zw4h+em0v+xysrawpK7yOSa4eJA=,9aRyJSStWjuERzDpbLiPVY1tkNw=
-45,111,Zw4h+em0v+xysrawpK7yOSa4eJA=,9aRyJSStWjuERzDpbLiPVY1tkNw=
-45,96,Zw4h+em0v+xysrawpK7yOSa4eJA=,9aRyJSStWjuERzDpbLiPVY1tkNw=
-43,111,Zw4h+em0v+xysrawpK7yOSa4eJA=,9aRyJSStWjuERzDpbLiPVY1tkNw=
-34,111,Zw4h+em0v+xysrawpK7yOSa4eJA=,9aRyJSStWjuERzDpbLiPVY1tkNw=
-45,97,Zw4h+em0v+xysrawpK7yOSa4eJA=,9aRyJSStWjuERzDpbLiPVY1tkNw=
-37,97,Zw4h+em0v+xysrawpK7yOSa4eJA=,9aRyJSStWjuERzDpbLiPVY1tkNw=
-35,98,Zw4h+em0v+xysrawpK7yOSa4eJA=,9aRyJSStWjuERzDpbLiPVY1tkNw=
-39,111,Zw4h+em0v+xysrawpK7yOSa4eJA=,9aRyJSStWjuERzDpbLiPVY1tkNw=
-40,111,Zw4h+em0v+xysrawpK7yOSa4eJA=,9aRyJSStWjuERzDpbLiPVY1tkNw=
-41,111,Zw4h+em0v+xysrawpK7yOSa4eJA=,9aRyJSStWjuERzDpbLiPVY1tkNw=
-48,111,Zw4h+em0v+xysrawpK7yOSa4eJA=,9aRyJSStWjuERzDpbLiPVY1tkNw=
-41,97,Zw4h+em0v+xysrawpK7yOSa4eJA=,9aRyJSStWjuERzDpbLiPVY1tkNw=
-34,110,Zw4h+em0v+xysrawpK7yOSa4eJA=,9aRyJSStWjuERzDpbLiPVY1tkNw=
-36,98,Zw4h+em0v+xysrawpK7yOSa4eJA=,9aRyJSStWjuERzDpbLiPVY1tkNw=
-34,98,Zw4h+em0v+xysrawpK7yOSa4eJA=,9aRyJSStWjuERzDpbLiPVY1tkNw=
-43,97,Zw4h+em0v+xysrawpK7yOSa4eJA=,9aRyJSStWjuERzDpbLiPVY1tkNw=
-39,97,Zw4h+em0v+xysrawpK7yOSa4eJA=,9aRyJSStWjuERzDpbLiPVY1tkNw=
-33,110,Zw4h+em0v+xysrawpK7yOSa4eJA=,9aRyJSStWjuERzDpbLiPVY1tkNw=
-37,111,Zw4h+em0v+xysrawpK7yOSa4eJA=,9aRyJSStWjuERzDpbLiPVY1tkNw=
-35,97,Zw4h+em0v+xysrawpK7yOSa4eJA=,9aRyJSStWjuERzDpbLiPVY1tkNw=
-33,111,Zw4h+em0v+xysrawpK7yOSa4eJA=,9aRyJSStWjuERzDpbLiPVY1tkNw=
-44,111,Zw4h+em0v+xysrawpK7yOSa4eJA=,9aRyJSStWjuERzDpbLiPVY1tkNw=
-44,97,Zw4h+em0v+xysrawpK7yOSa4eJA=,9aRyJSStWjuERzDpbLiPVY1tkNw=
-39,110,Zw4h+em0v+xysrawpK7yOSa4eJA=,9aRyJSStWjuERzDpbLiPVY1tkNw=
-42,110,Zw4h+em0v+xysrawpK7yOSa4eJA=,9aRyJSStWjuERzDpbLiPVY1tkNw=
-37,110,Zw4h+em0v+xysrawpK7yOSa4eJA=,9aRyJSStWjuERzDpbLiPVY1tkNw=
-46,96,Zw4h+em0v+xysrawpK7yOSa4eJA=,9aRyJSStWjuERzDpbLiPVY1tkNw=
-46,97,Zw4h+em0v+xysrawpK7yOSa4eJA=,9aRyJSStWjuERzDpbLiPVY1tkNw=
-44,110,Zw4h+em0v+xysrawpK7yOSa4eJA=,9aRyJSStWjuERzDpbLiPVY1tkNw=
-43,110,Zw4h+em0v+xysrawpK7yOSa4eJA=,9aRyJSStWjuERzDpbLiPVY1tkNw=
-34,109,Zw4h+em0v+xysrawpK7yOSa4eJA=,9aRyJSStWjuERzDpbLiPVY1tkNw=
-41,110,Zw4h+em0v+xysrawpK7yOSa4eJA=,9aRyJSStWjuERzDpbLiPVY1tkNw=
-48,110,Zw4h+em0v+xysrawpK7yOSa4eJA=,9aRyJSStWjuERzDpbLiPVY1tkNw=
-35,110,Zw4h+em0v+xysrawpK7yOSa4eJA=,9aRyJSStWjuERzDpbLiPVY1tkNw=
-45,110,Zw4h+em0v+xysrawpK7yOSa4eJA=,9aRyJSStWjuERzDpbLiPVY1tkNw=
-38,110,Zw4h+em0v+xysrawpK7yOSa4eJA=,9aRyJSStWjuERzDpbLiPVY1tkNw=
-40,110,Zw4h+em0v+xysrawpK7yOSa4eJA=,9aRyJSStWjuERzDpbLiPVY1tkNw=
-47,110,Zw4h+em0v+xysrawpK7yOSa4eJA=,9aRyJSStWjuERzDpbLiPVY1tkNw=
-46,110,Zw4h+em0v+xysrawpK7yOSa4eJA=,9aRyJSStWjuERzDpbLiPVY1tkNw=
-35,109,Zw4h+em0v+xysrawpK7yOSa4eJA=,9aRyJSStWjuERzDpbLiPVY1tkNw=
-36,110,Zw4h+em0v+xysrawpK7yOSa4eJA=,9aRyJSStWjuERzDpbLiPVY1tkNw=
-41,109,Zw4h+em0v+xysrawpK7yOSa4eJA=,9aRyJSStWjuERzDpbLiPVY1tkNw=
-33,96,Zw4h+em0v+xysrawpK7yOSa4eJA=,9aRyJSStWjuERzDpbLiPVY1tkNw=
-37,109,Zw4h+em0v+xysrawpK7yOSa4eJA=,9aRyJSStWjuERzDpbLiPVY1tkNw=
-33,109,Zw4h+em0v+xysrawpK7yOSa4eJA=,9aRyJSStWjuERzDpbLiPVY1tkNw=
-36,109,Zw4h+em0v+xysrawpK7yOSa4eJA=,9aRyJSStWjuERzDpbLiPVY1tkNw=
-48,97,Zw4h+em0v+xysrawpK7yOSa4eJA=,9aRyJSStWjuERzDpbLiPVY1tkNw=
-42,109,Zw4h+em0v+xysrawpK7yOSa4eJA=,9aRyJSStWjuERzDpbLiPVY1tkNw=
-37,98,Zw4h+em0v+xysrawpK7yOSa4eJA=,9aRyJSStWjuERzDpbLiPVY1tkNw=
-40,109,Zw4h+em0v+xysrawpK7yOSa4eJA=,9aRyJSStWjuERzDpbLiPVY1tkNw=
-38,109,Zw4h+em0v+xysrawpK7yOSa4eJA=,9aRyJSStWjuERzDpbLiPVY1tkNw=
-39,109,Zw4h+em0v+xysrawpK7yOSa4eJA=,9aRyJSStWjuERzDpbLiPVY1tkNw=
-43,109,Zw4h+em0v+xysrawpK7yOSa4eJA=,9aRyJSStWjuERzDpbLiPVY1tkNw=
-36,108,Zw4h+em0v+xysrawpK7yOSa4eJA=,9aRyJSStWjuERzDpbLiPVY1tkNw=
-48,109,Zw4h+em0v+xysrawpK7yOSa4eJA=,9aRyJSStWjuERzDpbLiPVY1tkNw=
-33,98,Zw4h+em0v+xysrawpK7yOSa4eJA=,9aRyJSStWjuERzDpbLiPVY1tkNw=
-47,96,Zw4h+em0v+xysrawpK7yOSa4eJA=,9aRyJSStWjuERzDpbLiPVY1tkNw=
-47,109,Zw4h+em0v+xysrawpK7yOSa4eJA=,9aRyJSStWjuERzDpbLiPVY1tkNw=
-45,109,Zw4h+em0v+xysrawpK7yOSa4eJA=,9aRyJSStWjuERzDpbLiPVY1tkNw=
-38,98,Zw4h+em0v+xysrawpK7yOSa4eJA=,9aRyJSStWjuERzDpbLiPVY1tkNw=
-44,109,Zw4h+em0v+xysrawpK7yOSa4eJA=,9aRyJSStWjuERzDpbLiPVY1tkNw=
-35,108,Zw4h+em0v+xysrawpK7yOSa4eJA=,9aRyJSStWjuERzDpbLiPVY1tkNw=
-46,109,Zw4h+em0v+xysrawpK7yOSa4eJA=,9aRyJSStWjuERzDpbLiPVY1tkNw=
-33,108,Zw4h+em0v+xysrawpK7yOSa4eJA=,9aRyJSStWjuERzDpbLiPVY1tkNw=
-34,108,Zw4h+em0v+xysrawpK7yOSa4eJA=,9aRyJSStWjuERzDpbLiPVY1tkNw=
-37,108,Zw4h+em0v+xysrawpK7yOSa4eJA=,9aRyJSStWjuERzDpbLiPVY1tkNw=
-41,108,Zw4h+em0v+xysrawpK7yOSa4eJA=,9aRyJSStWjuERzDpbLiPVY1tkNw=
-45,108,Zw4h+em0v+xysrawpK7yOSa4eJA=,9aRyJSStWjuERzDpbLiPVY1tkNw=
-40,108,Zw4h+em0v+xysrawpK7yOSa4eJA=,9aRyJSStWjuERzDpbLiPVY1tkNw=
-39,108,Zw4h+em0v+xysrawpK7yOSa4eJA=,9aRyJSStWjuERzDpbLiPVY1tkNw=
-38,108,Zw4h+em0v+xysrawpK7yOSa4eJA=,9aRyJSStWjuERzDpbLiPVY1tkNw=
-42,108,Zw4h+em0v+xysrawpK7yOSa4eJA=,9aRyJSStWjuERzDpbLiPVY1tkNw=
-43,108,Zw4h+em0v+xysrawpK7yOSa4eJA=,9aRyJSStWjuERzDpbLiPVY1tkNw=
-46,108,Zw4h+em0v+xysrawpK7yOSa4eJA=,9aRyJSStWjuERzDpbLiPVY1tkNw=
-41,107,Zw4h+em0v+xysrawpK7yOSa4eJA=,9aRyJSStWjuERzDpbLiPVY1tkNw=
-34,96,Zw4h+em0v+xysrawpK7yOSa4eJA=,9aRyJSStWjuERzDpbLiPVY1tkNw=
-39,107,Zw4h+em0v+xysrawpK7yOSa4eJA=,9aRyJSStWjuERzDpbLiPVY1tkNw=
-36,107,Zw4h+em0v+xysrawpK7yOSa4eJA=,9aRyJSStWjuERzDpbLiPVY1tkNw=
-44,108,Zw4h+em0v+xysrawpK7yOSa4eJA=,9aRyJSStWjuERzDpbLiPVY1tkNw=
-46,107,Zw4h+em0v+xysrawpK7yOSa4eJA=,9aRyJSStWjuERzDpbLiPVY1tkNw=
-48,108,Zw4h+em0v+xysrawpK7yOSa4eJA=,9aRyJSStWjuERzDpbLiPVY1tkNw=
-37,107,Zw4h+em0v+xysrawpK7yOSa4eJA=,9aRyJSStWjuERzDpbLiPVY1tkNw=
-42,107,Zw4h+em0v+xysrawpK7yOSa4eJA=,9aRyJSStWjuERzDpbLiPVY1tkNw=
-39,98,Zw4h+em0v+xysrawpK7yOSa4eJA=,9aRyJSStWjuERzDpbLiPVY1tkNw=
-40,107,Zw4h+em0v+xysrawpK7yOSa4eJA=,9aRyJSStWjuERzDpbLiPVY1tkNw=
-33,107,Zw4h+em0v+xysrawpK7yOSa4eJA=,9aRyJSStWjuERzDpbLiPVY1tkNw=
-35,107,Zw4h+em0v+xysrawpK7yOSa4eJA=,9aRyJSStWjuERzDpbLiPVY1tkNw=
-38,107,Zw4h+em0v+xysrawpK7yOSa4eJA=,9aRyJSStWjuERzDpbLiPVY1tkNw=
-47,108,Zw4h+em0v+xysrawpK7yOSa4eJA=,9aRyJSStWjuERzDpbLiPVY1tkNw=
-34,107,Zw4h+em0v+xysrawpK7yOSa4eJA=,9aRyJSStWjuERzDpbLiPVY1tkNw=
-35,96,Zw4h+em0v+xysrawpK7yOSa4eJA=,9aRyJSStWjuERzDpbLiPVY1tkNw=
-43,107,Zw4h+em0v+xysrawpK7yOSa4eJA=,9aRyJSStWjuERzDpbLiPVY1tkNw=
-35,106,Zw4h+em0v+xysrawpK7yOSa4eJA=,9aRyJSStWjuERzDpbLiPVY1tkNw=
-47,107,Zw4h+em0v+xysrawpK7yOSa4eJA=,9aRyJSStWjuERzDpbLiPVY1tkNw=
-45,107,Zw4h+em0v+xysrawpK7yOSa4eJA=,9aRyJSStWjuERzDpbLiPVY1tkNw=
-36,106,Zw4h+em0v+xysrawpK7yOSa4eJA=,9aRyJSStWjuERzDpbLiPVY1tkNw=
-44,107,Zw4h+em0v+xysrawpK7yOSa4eJA=,9aRyJSStWjuERzDpbLiPVY1tkNw=
-38,106,Zw4h+em0v+xysrawpK7yOSa4eJA=,9aRyJSStWjuERzDpbLiPVY1tkNw=
-48,99,Zw4h+em0v+xysrawpK7yOSa4eJA=,9aRyJSStWjuERzDpbLiPVY1tkNw=
-33,106,Zw4h+em0v+xysrawpK7yOSa4eJA=,9aRyJSStWjuERzDpbLiPVY1tkNw=
-34,106,Zw4h+em0v+xysrawpK7yOSa4eJA=,9aRyJSStWjuERzDpbLiPVY1tkNw=
-44,106,Zw4h+em0v+xysrawpK7yOSa4eJA=,9aRyJSStWjuERzDpbLiPVY1tkNw=
-48,107,Zw4h+em0v+xysrawpK7yOSa4eJA=,9aRyJSStWjuERzDpbLiPVY1tkNw=
-36,105,Zw4h+em0v+xysrawpK7yOSa4eJA=,9aRyJSStWjuERzDpbLiPVY1tkNw=
-48,106,Zw4h+em0v+xysrawpK7yOSa4eJA=,9aRyJSStWjuERzDpbLiPVY1tkNw=
-39,106,Zw4h+em0v+xysrawpK7yOSa4eJA=,9aRyJSStWjuERzDpbLiPVY1tkNw=
-40,98,Zw4h+em0v+xysrawpK7yOSa4eJA=,9aRyJSStWjuERzDpbLiPVY1tkNw=
-40,106,Zw4h+em0v+xysrawpK7yOSa4eJA=,9aRyJSStWjuERzDpbLiPVY1tkNw=
-42,105,Zw4h+em0v+xysrawpK7yOSa4eJA=,9aRyJSStWjuERzDpbLiPVY1tkNw=
-34,105,Zw4h+em0v+xysrawpK7yOSa4eJA=,9aRyJSStWjuERzDpbLiPVY1tkNw=
-39,105,Zw4h+em0v+xysrawpK7yOSa4eJA=,9aRyJSStWjuERzDpbLiPVY1tkNw=
-38,105,Zw4h+em0v+xysrawpK7yOSa4eJA=,9aRyJSStWjuERzDpbLiPVY1tkNw=
-41,105,Zw4h+em0v+xysrawpK7yOSa4eJA=,9aRyJSStWjuERzDpbLiPVY1tkNw=
-43,106,Zw4h+em0v+xysrawpK7yOSa4eJA=,9aRyJSStWjuERzDpbLiPVY1tkNw=
-47,106,Zw4h+em0v+xysrawpK7yOSa4eJA=,9aRyJSStWjuERzDpbLiPVY1tkNw=
-33,105,Zw4h+em0v+xysrawpK7yOSa4eJA=,9aRyJSStWjuERzDpbLiPVY1tkNw=
-37,105,Zw4h+em0v+xysrawpK7yOSa4eJA=,9aRyJSStWjuERzDpbLiPVY1tkNw=
-40,105,Zw4h+em0v+xysrawpK7yOSa4eJA=,9aRyJSStWjuERzDpbLiPVY1tkNw=
-42,106,Zw4h+em0v+xysrawpK7yOSa4eJA=,9aRyJSStWjuERzDpbLiPVY1tkNw=
-41,98,Zw4h+em0v+xysrawpK7yOSa4eJA=,9aRyJSStWjuERzDpbLiPVY1tkNw=
-37,106,Zw4h+em0v+xysrawpK7yOSa4eJA=,9aRyJSStWjuERzDpbLiPVY1tkNw=
-36,96,Zw4h+em0v+xysrawpK7yOSa4eJA=,9aRyJSStWjuERzDpbLiPVY1tkNw=
-46,106,Zw4h+em0v+xysrawpK7yOSa4eJA=,9aRyJSStWjuERzDpbLiPVY1tkNw=
-41,106,Zw4h+em0v+xysrawpK7yOSa4eJA=,9aRyJSStWjuERzDpbLiPVY1tkNw=
-45,106,Zw4h+em0v+xysrawpK7yOSa4eJA=,9aRyJSStWjuERzDpbLiPVY1tkNw=
-37,96,Zw4h+em0v+xysrawpK7yOSa4eJA=,9aRyJSStWjuERzDpbLiPVY1tkNw=
-45,105,Zw4h+em0v+xysrawpK7yOSa4eJA=,9aRyJSStWjuERzDpbLiPVY1tkNw=
-48,105,Zw4h+em0v+xysrawpK7yOSa4eJA=,9aRyJSStWjuERzDpbLiPVY1tkNw=
-35,105,Zw4h+em0v+xysrawpK7yOSa4eJA=,9aRyJSStWjuERzDpbLiPVY1tkNw=
-35,104,Zw4h+em0v+xysrawpK7yOSa4eJA=,9aRyJSStWjuERzDpbLiPVY1tkNw=
-44,105,Zw4h+em0v+xysrawpK7yOSa4eJA=,9aRyJSStWjuERzDpbLiPVY1tkNw=
-46,105,Zw4h+em0v+xysrawpK7yOSa4eJA=,9aRyJSStWjuERzDpbLiPVY1tkNw=
-47,99,Zw4h+em0v+xysrawpK7yOSa4eJA=,9aRyJSStWjuERzDpbLiPVY1tkNw=
-43,105,Zw4h+em0v+xysrawpK7yOSa4eJA=,9aRyJSStWjuERzDpbLiPVY1tkNw=
-34,104,Zw4h+em0v+xysrawpK7yOSa4eJA=,9aRyJSStWjuERzDpbLiPVY1tkNw=
-38,96,Zw4h+em0v+xysrawpK7yOSa4eJA=,9aRyJSStWjuERzDpbLiPVY1tkNw=
-38,104,Zw4h+em0v+xysrawpK7yOSa4eJA=,9aRyJSStWjuERzDpbLiPVY1tkNw=
-36,104,Zw4h+em0v+xysrawpK7yOSa4eJA=,9aRyJSStWjuERzDpbLiPVY1tkNw=
-37,104,Zw4h+em0v+xysrawpK7yOSa4eJA=,9aRyJSStWjuERzDpbLiPVY1tkNw=
-47,105,Zw4h+em0v+xysrawpK7yOSa4eJA=,9aRyJSStWjuERzDpbLiPVY1tkNw=
-33,104,Zw4h+em0v+xysrawpK7yOSa4eJA=,9aRyJSStWjuERzDpbLiPVY1tkNw=
-41,104,Zw4h+em0v+xysrawpK7yOSa4eJA=,9aRyJSStWjuERzDpbLiPVY1tkNw=
-45,104,Zw4h+em0v+xysrawpK7yOSa4eJA=,9aRyJSStWjuERzDpbLiPVY1tkNw=
-43,104,Zw4h+em0v+xysrawpK7yOSa4eJA=,9aRyJSStWjuERzDpbLiPVY1tkNw=
-42,104,Zw4h+em0v+xysrawpK7yOSa4eJA=,9aRyJSStWjuERzDpbLiPVY1tkNw=
-39,104,Zw4h+em0v+xysrawpK7yOSa4eJA=,9aRyJSStWjuERzDpbLiPVY1tkNw=
-40,104,Zw4h+em0v+xysrawpK7yOSa4eJA=,9aRyJSStWjuERzDpbLiPVY1tkNw=
-35,103,Zw4h+em0v+xysrawpK7yOSa4eJA=,9aRyJSStWjuERzDpbLiPVY1tkNw=
-47,104,Zw4h+em0v+xysrawpK7yOSa4eJA=,9aRyJSStWjuERzDpbLiPVY1tkNw=
-42,98,Zw4h+em0v+xysrawpK7yOSa4eJA=,9aRyJSStWjuERzDpbLiPVY1tkNw=
-37,103,Zw4h+em0v+xysrawpK7yOSa4eJA=,9aRyJSStWjuERzDpbLiPVY1tkNw=
-38,103,Zw4h+em0v+xysrawpK7yOSa4eJA=,9aRyJSStWjuERzDpbLiPVY1tkNw=
-34,103,Zw4h+em0v+xysrawpK7yOSa4eJA=,9aRyJSStWjuERzDpbLiPVY1tkNw=
-44,104,Zw4h+em0v+xysrawpK7yOSa4eJA=,9aRyJSStWjuERzDpbLiPVY1tkNw=
-33,103,Zw4h+em0v+xysrawpK7yOSa4eJA=,9aRyJSStWjuERzDpbLiPVY1tkNw=
-36,103,Zw4h+em0v+xysrawpK7yOSa4eJA=,9aRyJSStWjuERzDpbLiPVY1tkNw=
-39,96,Zw4h+em0v+xysrawpK7yOSa4eJA=,9aRyJSStWjuERzDpbLiPVY1tkNw=
-46,104,Zw4h+em0v+xysrawpK7yOSa4eJA=,9aRyJSStWjuERzDpbLiPVY1tkNw=
-42,103,Zw4h+em0v+xysrawpK7yOSa4eJA=,9aRyJSStWjuERzDpbLiPVY1tkNw=
-43,98,Zw4h+em0v+xysrawpK7yOSa4eJA=,9aRyJSStWjuERzDpbLiPVY1tkNw=
-46,99,Zw4h+em0v+xysrawpK7yOSa4eJA=,9aRyJSStWjuERzDpbLiPVY1tkNw=
-48,104,Zw4h+em0v+xysrawpK7yOSa4eJA=,9aRyJSStWjuERzDpbLiPVY1tkNw=
-39,103,Zw4h+em0v+xysrawpK7yOSa4eJA=,9aRyJSStWjuERzDpbLiPVY1tkNw=
-44,103,Zw4h+em0v+xysrawpK7yOSa4eJA=,9aRyJSStWjuERzDpbLiPVY1tkNw=
-43,103,Zw4h+em0v+xysrawpK7yOSa4eJA=,9aRyJSStWjuERzDpbLiPVY1tkNw=
-47,103,Zw4h+em0v+xysrawpK7yOSa4eJA=,9aRyJSStWjuERzDpbLiPVY1tkNw=
-48,103,Zw4h+em0v+xysrawpK7yOSa4eJA=,9aRyJSStWjuERzDpbLiPVY1tkNw=
-40,103,Zw4h+em0v+xysrawpK7yOSa4eJA=,9aRyJSStWjuERzDpbLiPVY1tkNw=
-45,103,Zw4h+em0v+xysrawpK7yOSa4eJA=,9aRyJSStWjuERzDpbLiPVY1tkNw=
-33,102,Zw4h+em0v+xysrawpK7yOSa4eJA=,9aRyJSStWjuERzDpbLiPVY1tkNw=
-41,103,Zw4h+em0v+xysrawpK7yOSa4eJA=,9aRyJSStWjuERzDpbLiPVY1tkNw=
-34,102,Zw4h+em0v+xysrawpK7yOSa4eJA=,9aRyJSStWjuERzDpbLiPVY1tkNw=
-48,98,Zw4h+em0v+xysrawpK7yOSa4eJA=,9aRyJSStWjuERzDpbLiPVY1tkNw=
-35,102,Zw4h+em0v+xysrawpK7yOSa4eJA=,9aRyJSStWjuERzDpbLiPVY1tkNw=
-36,102,Zw4h+em0v+xysrawpK7yOSa4eJA=,9aRyJSStWjuERzDpbLiPVY1tkNw=
-40,102,Zw4h+em0v+xysrawpK7yOSa4eJA=,9aRyJSStWjuERzDpbLiPVY1tkNw=
-38,102,Zw4h+em0v+xysrawpK7yOSa4eJA=,9aRyJSStWjuERzDpbLiPVY1tkNw=
-46,103,Zw4h+em0v+xysrawpK7yOSa4eJA=,9aRyJSStWjuERzDpbLiPVY1tkNw=
-37,102,Zw4h+em0v+xysrawpK7yOSa4eJA=,9aRyJSStWjuERzDpbLiPVY1tkNw=
-39,102,Zw4h+em0v+xysrawpK7yOSa4eJA=,9aRyJSStWjuERzDpbLiPVY1tkNw=
-41,102,Zw4h+em0v+xysrawpK7yOSa4eJA=,9aRyJSStWjuERzDpbLiPVY1tkNw=
-40,96,Zw4h+em0v+xysrawpK7yOSa4eJA=,9aRyJSStWjuERzDpbLiPVY1tkNw=
-42,102,Zw4h+em0v+xysrawpK7yOSa4eJA=,9aRyJSStWjuERzDpbLiPVY1tkNw=
-44,98,Zw4h+em0v+xysrawpK7yOSa4eJA=,9aRyJSStWjuERzDpbLiPVY1tkNw=
-44,96,Zw4h+em0v+xysrawpK7yOSa4eJA=,9aRyJSStWjuERzDpbLiPVY1tkNw=
-45,102,Zw4h+em0v+xysrawpK7yOSa4eJA=,9aRyJSStWjuERzDpbLiPVY1tkNw=
-46,102,Zw4h+em0v+xysrawpK7yOSa4eJA=,9aRyJSStWjuERzDpbLiPVY1tkNw=
-34,101,Zw4h+em0v+xysrawpK7yOSa4eJA=,9aRyJSStWjuERzDpbLiPVY1tkNw=
-35,101,Zw4h+em0v+xysrawpK7yOSa4eJA=,9aRyJSStWjuERzDpbLiPVY1tkNw=
-36,101,Zw4h+em0v+xysrawpK7yOSa4eJA=,9aRyJSStWjuERzDpbLiPVY1tkNw=
-33,101,Zw4h+em0v+xysrawpK7yOSa4eJA=,9aRyJSStWjuERzDpbLiPVY1tkNw=
-40,101,Zw4h+em0v+xysrawpK7yOSa4eJA=,9aRyJSStWjuERzDpbLiPVY1tkNw=
-43,102,Zw4h+em0v+xysrawpK7yOSa4eJA=,9aRyJSStWjuERzDpbLiPVY1tkNw=
-37,101,Zw4h+em0v+xysrawpK7yOSa4eJA=,9aRyJSStWjuERzDpbLiPVY1tkNw=
-47,102,Zw4h+em0v+xysrawpK7yOSa4eJA=,9aRyJSStWjuERzDpbLiPVY1tkNw=
-44,102,Zw4h+em0v+xysrawpK7yOSa4eJA=,9aRyJSStWjuERzDpbLiPVY1tkNw=
-41,101,Zw4h+em0v+xysrawpK7yOSa4eJA=,9aRyJSStWjuERzDpbLiPVY1tkNw=
-39,101,Zw4h+em0v+xysrawpK7yOSa4eJA=,9aRyJSStWjuERzDpbLiPVY1tkNw=
-38,101,Zw4h+em0v+xysrawpK7yOSa4eJA=,9aRyJSStWjuERzDpbLiPVY1tkNw=
-42,101,Zw4h+em0v+xysrawpK7yOSa4eJA=,9aRyJSStWjuERzDpbLiPVY1tkNw=
-48,102,Zw4h+em0v+xysrawpK7yOSa4eJA=,9aRyJSStWjuERzDpbLiPVY1tkNw=
-41,96,Zw4h+em0v+xysrawpK7yOSa4eJA=,9aRyJSStWjuERzDpbLiPVY1tkNw=
-45,99,Zw4h+em0v+xysrawpK7yOSa4eJA=,9aRyJSStWjuERzDpbLiPVY1tkNw=
-43,101,Zw4h+em0v+xysrawpK7yOSa4eJA=,9aRyJSStWjuERzDpbLiPVY1tkNw=
-46,101,Zw4h+em0v+xysrawpK7yOSa4eJA=,9aRyJSStWjuERzDpbLiPVY1tkNw=
-44,101,Zw4h+em0v+xysrawpK7yOSa4eJA=,9aRyJSStWjuERzDpbLiPVY1tkNw=
-45,98,Zw4h+em0v+xysrawpK7yOSa4eJA=,9aRyJSStWjuERzDpbLiPVY1tkNw=
-42,96,Zw4h+em0v+xysrawpK7yOSa4eJA=,9aRyJSStWjuERzDpbLiPVY1tkNw=
-45,101,Zw4h+em0v+xysrawpK7yOSa4eJA=,9aRyJSStWjuERzDpbLiPVY1tkNw=
-48,101,Zw4h+em0v+xysrawpK7yOSa4eJA=,9aRyJSStWjuERzDpbLiPVY1tkNw=
-47,101,Zw4h+em0v+xysrawpK7yOSa4eJA=,9aRyJSStWjuERzDpbLiPVY1tkNw=
-35,100,Zw4h+em0v+xysrawpK7yOSa4eJA=,9aRyJSStWjuERzDpbLiPVY1tkNw=
-34,100,Zw4h+em0v+xysrawpK7yOSa4eJA=,9aRyJSStWjuERzDpbLiPVY1tkNw=
-33,100,Zw4h+em0v+xysrawpK7yOSa4eJA=,9aRyJSStWjuERzDpbLiPVY1tkNw=
-36,100,Zw4h+em0v+xysrawpK7yOSa4eJA=,9aRyJSStWjuERzDpbLiPVY1tkNw=
-37,100,Zw4h+em0v+xysrawpK7yOSa4eJA=,9aRyJSStWjuERzDpbLiPVY1tkNw=
-41,100,Zw4h+em0v+xysrawpK7yOSa4eJA=,9aRyJSStWjuERzDpbLiPVY1tkNw=
-38,100,Zw4h+em0v+xysrawpK7yOSa4eJA=,9aRyJSStWjuERzDpbLiPVY1tkNw=
-40,100,Zw4h+em0v+xysrawpK7yOSa4eJA=,9aRyJSStWjuERzDpbLiPVY1tkNw=
-48,96,Zw4h+em0v+xysrawpK7yOSa4eJA=,9aRyJSStWjuERzDpbLiPVY1tkNw=
-44,99,Zw4h+em0v+xysrawpK7yOSa4eJA=,9aRyJSStWjuERzDpbLiPVY1tkNw=
-42,100,Zw4h+em0v+xysrawpK7yOSa4eJA=,9aRyJSStWjuERzDpbLiPVY1tkNw=
-39,100,Zw4h+em0v+xysrawpK7yOSa4eJA=,9aRyJSStWjuERzDpbLiPVY1tkNw=
-43,96,Zw4h+em0v+xysrawpK7yOSa4eJA=,9aRyJSStWjuERzDpbLiPVY1tkNw=
-44,100,Zw4h+em0v+xysrawpK7yOSa4eJA=,9aRyJSStWjuERzDpbLiPVY1tkNw=
-46,98,Zw4h+em0v+xysrawpK7yOSa4eJA=,9aRyJSStWjuERzDpbLiPVY1tkNw=
-45,100,Zw4h+em0v+xysrawpK7yOSa4eJA=,9aRyJSStWjuERzDpbLiPVY1tkNw=
-46,100,Zw4h+em0v+xysrawpK7yOSa4eJA=,9aRyJSStWjuERzDpbLiPVY1tkNw=
-43,100,Zw4h+em0v+xysrawpK7yOSa4eJA=,9aRyJSStWjuERzDpbLiPVY1tkNw=
-33,99,Zw4h+em0v+xysrawpK7yOSa4eJA=,9aRyJSStWjuERzDpbLiPVY1tkNw=
-47,98,Zw4h+em0v+xysrawpK7yOSa4eJA=,9aRyJSStWjuERzDpbLiPVY1tkNw=
-47,100,Zw4h+em0v+xysrawpK7yOSa4eJA=,9aRyJSStWjuERzDpbLiPVY1tkNw=
-48,100,Zw4h+em0v+xysrawpK7yOSa4eJA=,9aRyJSStWjuERzDpbLiPVY1tkNw=
-36,99,Zw4h+em0v+xysrawpK7yOSa4eJA=,9aRyJSStWjuERzDpbLiPVY1tkNw=
-37,99,Zw4h+em0v+xysrawpK7yOSa4eJA=,9aRyJSStWjuERzDpbLiPVY1tkNw=
-39,99,Zw4h+em0v+xysrawpK7yOSa4eJA=,9aRyJSStWjuERzDpbLiPVY1tkNw=
-34,99,Zw4h+em0v+xysrawpK7yOSa4eJA=,9aRyJSStWjuERzDpbLiPVY1tkNw=
-35,99,Zw4h+em0v+xysrawpK7yOSa4eJA=,9aRyJSStWjuERzDpbLiPVY1tkNw=
-41,99,Zw4h+em0v+xysrawpK7yOSa4eJA=,9aRyJSStWjuERzDpbLiPVY1tkNw=
-38,99,Zw4h+em0v+xysrawpK7yOSa4eJA=,9aRyJSStWjuERzDpbLiPVY1tkNw=
-43,99,Zw4h+em0v+xysrawpK7yOSa4eJA=,9aRyJSStWjuERzDpbLiPVY1tkNw=
-40,99,Zw4h+em0v+xysrawpK7yOSa4eJA=,9aRyJSStWjuERzDpbLiPVY1tkNw=
-42,99,Zw4h+em0v+xysrawpK7yOSa4eJA=,9aRyJSStWjuERzDpbLiPVY1tkNw=
