219,71,4jpgMpBVYCQVXxO9U7w5AVB7wvs=,WfJ6KsxNJs+rPwB7m8OBx05+Hto=
222,71,4jpgMpBVYCQVXxO9U7w5AVB7wvs=,WfJ6KsxNJs+rPwB7m8OBx05+Hto=
219,64,4jpgMpBVYCQVXxO9U7w5AVB7wvs=,WfJ6KsxNJs+rPwB7m8OBx05+Hto=
220,71,4jpgMpBVYCQVXxO9U7w5AVB7wvs=,WfJ6KsxNJs+rPwB7m8OBx05+Hto=
222,66,4jpgMpBVYCQVXxO9U7w5AVB7wvs=,WfJ6KsxNJs+rPwB7m8OBx05+Hto=
222,65,4jpgMpBVYCQVXxO9U7w5AVB7wvs=,WfJ6KsxNJs+rPwB7m8OBx05+Hto=
221,71,4jpgMpBVYCQVXxO9U7w5AVB7wvs=,WfJ6KsxNJs+rPwB7m8OBx05+Hto=
217,65,4jpgMpBVYCQVXxO9U7w5AVB7wvs=,WfJ6KsxNJs+rPwB7m8OBx05+Hto=
223,71,4jpgMpBVYCQVXxO9U7w5AVB7wvs=,WfJ6KsxNJs+rPwB7m8OBx05+Hto=
216,71,4jpgMpBVYCQVXxO9U7w5AVB7wvs=,WfJ6KsxNJs+rPwB7m8OBx05+Hto=
223,70,4jpgMpBVYCQVXxO9U7w5AVB7wvs=,WfJ6KsxNJs+rPwB7m8OBx05+Hto=
221,65,4jpgMpBVYCQVXxO9U7w5AVB7wvs=,WfJ6KsxNJs+rPwB7m8OBx05+Hto=
220,65,4jpgMpBVYCQVXxO9U7w5AVB7wvs=,WfJ6KsxNJs+rPwB7m8OBx05+Hto=
219,65,4jpgMpBVYCQVXxO9U7w5AVB7wvs=,WfJ6KsxNJs+rPwB7m8OBx05+Hto=
223,66,4jpgMpBVYCQVXxO9U7w5AVB7wvs=,WfJ6KsxNJs+rPwB7m8OBx05+Hto=
221,66,4jpgMpBVYCQVXxO9U7w5AVB7wvs=,WfJ6KsxNJs+rPwB7m8OBx05+Hto=
221,70,4jpgMpBVYCQVXxO9U7w5AVB7wvs=,WfJ6KsxNJs+rPwB7m8OBx05+Hto=
222,70,4jpgMpBVYCQVXxO9U7w5AVB7wvs=,WfJ6KsxNJs+rPwB7m8OBx05+Hto=
217,71,4jpgMpBVYCQVXxO9U7w5AVB7wvs=,WfJ6KsxNJs+rPwB7m8OBx05+Hto=
218,71,4jpgMpBVYCQVXxO9U7w5AVB7wvs=,WfJ6KsxNJs+rPwB7m8OBx05+Hto=
220,70,4jpgMpBVYCQVXxO9U7w5AVB7wvs=,WfJ6KsxNJs+rPwB7m8OBx05+Hto=
223,65,4jpgMpBVYCQVXxO9U7w5AVB7wvs=,WfJ6KsxNJs+rPwB7m8OBx05+Hto=
218,65,4jpgMpBVYCQVXxO9U7w5AVB7wvs=,WfJ6KsxNJs+rPwB7m8OBx05+Hto=
219,70,4jpgMpBVYCQVXxO9U7w5AVB7wvs=,WfJ6KsxNJs+rPwB7m8OBx05+Hto=
216,67,4jpgMpBVYCQVXxO9U7w5AVB7wvs=,WfJ6KsxNJs+rPwB7m8OBx05+Hto=
218,64,4jpgMpBVYCQVXxO9U7w5AVB7wvs=,WfJ6KsxNJs+rPwB7m8OBx05+Hto=
216,65,4jpgMpBVYCQVXxO9U7w5AVB7wvs=,WfJ6KsxNJs+rPwB7m8OBx05+Hto=
223,69,4jpgMpBVYCQVXxO9U7w5AVB7wvs=,WfJ6KsxNJs+rPwB7m8OBx05+Hto=
216,70,4jpgMpBVYCQVXxO9U7w5AVB7wvs=,WfJ6KsxNJs+rPwB7m8OBx05+Hto=
217,70,4jpgMpBVYCQVXxO9U7w5AVB7wvs=,WfJ6KsxNJs+rPwB7m8OBx05+Hto=
220,66,4jpgMpBVYCQVXxO9U7w5AVB7wvs=,WfJ6KsxNJs+rPwB7m8OBx05+Hto=
222,69,4jpgMpBVYCQVXxO9U7w5AVB7wvs=,WfJ6KsxNJs+rPwB7m8OBx05+Hto=
221,69,4jpgMpBVYCQVXxO9U7w5AVB7wvs=,WfJ6KsxNJs+rPwB7m8OBx05+Hto=
218,70,4jpgMpBVYCQVXxO9U7w5AVB7wvs=,WfJ6KsxNJs+rPwB7m8OBx05+Hto=
217,69,4jpgMpBVYCQVXxO9U7w5AVB7wvs=,WfJ6KsxNJs+rPwB7m8OBx05+Hto=
222,64,4jpgMpBVYCQVXxO9U7w5AVB7wvs=,WfJ6KsxNJs+rPwB7m8OBx05+Hto=
220,69,4jpgMpBVYCQVXxO9U7w5AVB7wvs=,WfJ6KsxNJs+rPwB7m8OBx05+Hto=
218,66,4jpgMpBVYCQVXxO9U7w5AVB7wvs=,WfJ6KsxNJs+rPwB7m8OBx05+Hto=
222,68,4jpgMpBVYCQVXxO9U7w5AVB7wvs=,WfJ6KsxNJs+rPwB7m8OBx05+Hto=
220,68,4jpgMpBVYCQVXxO9U7w5AVB7wvs=,WfJ6KsxNJs+rPwB7m8OBx05+Hto=
223,68,4jpgMpBVYCQVXxO9U7w5AVB7wvs=,WfJ6KsxNJs+rPwB7m8OBx05+Hto=
216,64,4jpgMpBVYCQVXxO9U7w5AVB7wvs=,WfJ6KsxNJs+rPwB7m8OBx05+Hto=
219,69,4jpgMpBVYCQVXxO9U7w5AVB7wvs=,WfJ6KsxNJs+rPwB7m8OBx05+Hto=
221,64,4jpgMpBVYCQVXxO9U7w5AVB7wvs=,WfJ6KsxNJs+rPwB7m8OBx05+Hto=
219,68,4jpgMpBVYCQVXxO9U7w5AVB7wvs=,WfJ6KsxNJs+rPwB7m8OBx05+Hto=
221,68,4jpgMpBVYCQVXxO9U7w5AVB7wvs=,WfJ6KsxNJs+rPwB7m8OBx05+Hto=
216,68,4jpgMpBVYCQVXxO9U7w5AVB7wvs=,WfJ6KsxNJs+rPwB7m8OBx05+Hto=
219,66,4jpgMpBVYCQVXxO9U7w5AVB7wvs=,WfJ6KsxNJs+rPwB7m8OBx05+Hto=
217,67,4jpgMpBVYCQVXxO9U7w5AVB7wvs=,WfJ6KsxNJs+rPwB7m8OBx05+Hto=
222,67,4jpgMpBVYCQVXxO9U7w5AVB7wvs=,WfJ6KsxNJs+rPwB7m8OBx05+Hto=
217,68,4jpgMpBVYCQVXxO9U7w5AVB7wvs=,WfJ6KsxNJs+rPwB7m8OBx05+Hto=
218,69,4jpgMpBVYCQVXxO9U7w5AVB7wvs=,WfJ6KsxNJs+rPwB7m8OBx05+Hto=
223,67,4jpgMpBVYCQVXxO9U7w5AVB7wvs=,WfJ6KsxNJs+rPwB7m8OBx05+Hto=
216,66,4jpgMpBVYCQVXxO9U7w5AVB7wvs=,WfJ6KsxNJs+rPwB7m8OBx05+Hto=
223,64,4jpgMpBVYCQVXxO9U7w5AVB7wvs=,WfJ6KsxNJs+rPwB7m8OBx05+Hto=
220,67,4jpgMpBVYCQVXxO9U7w5AVB7wvs=,WfJ6KsxNJs+rPwB7m8OBx05+Hto=
217,66,4jpgMpBVYCQVXxO9U7w5AVB7wvs=,WfJ6KsxNJs+rPwB7m8OBx05+Hto=
219,67,4jpgMpBVYCQVXxO9U7w5AVB7wvs=,WfJ6KsxNJs+rPwB7m8OBx05+Hto=
216,69,4jpgMpBVYCQVXxO9U7w5AVB7wvs=,WfJ6KsxNJs+rPwB7m8OBx05+Hto=
218,68,4jpgMpBVYCQVXxO9U7w5AVB7wvs=,WfJ6KsxNJs+rPwB7m8OBx05+Hto=
218,67,4jpgMpBVYCQVXxO9U7w5AVB7wvs=,WfJ6KsxNJs+rPwB7m8OBx05+Hto=
220,64,4jpgMpBVYCQVXxO9U7w5AVB7wvs=,WfJ6KsxNJs+rPwB7m8OBx05+Hto=
217,64,4jpgMpBVYCQVXxO9U7w5AVB7wvs=,WfJ6KsxNJs+rPwB7m8OBx05+Hto=
221,67,4jpgMpBVYCQVXxO9U7w5AVB7wvs=,WfJ6KsxNJs+rPwB7m8OBx05+Hto=
